# Red banana cable, Z up, dimensions in metres
mtllib Red_Cable_RightAngle.mtl
v 0.02299994 0.00000000 0.19998140
v 0.02277159 -0.00114805 0.19998281
v 0.02212128 -0.00212132 0.19998685
v 0.02114803 -0.00277164 0.19999288
v 0.02000000 -0.00300000 0.20000000
v 0.01885197 -0.00277164 0.20000712
v 0.01787872 -0.00212132 0.20001315
v 0.01722841 -0.00114805 0.20001719
v 0.01700006 -0.00000000 0.20001860
v 0.01722841 0.00114805 0.20001719
v 0.01787872 0.00212132 0.20001315
v 0.01885197 0.00277164 0.20000712
v 0.02000000 0.00300000 0.20000000
v 0.02114803 0.00277164 0.19999288
v 0.02212128 0.00212132 0.19998685
v 0.02277159 0.00114805 0.19998281
v 0.02298637 0.00000000 0.19779474
v 0.02275802 -0.00114805 0.19779689
v 0.02210773 -0.00212132 0.19780302
v 0.02113450 -0.00277164 0.19781219
v 0.01998650 -0.00300000 0.19782300
v 0.01883850 -0.00277164 0.19783381
v 0.01786527 -0.00212132 0.19784298
v 0.01721498 -0.00114805 0.19784911
v 0.01698663 -0.00000000 0.19785126
v 0.01721498 0.00114805 0.19784911
v 0.01786527 0.00212132 0.19784298
v 0.01883850 0.00277164 0.19783381
v 0.01998650 0.00300000 0.19782300
v 0.02113450 0.00277164 0.19781219
v 0.02210773 0.00212132 0.19780302
v 0.02275802 0.00114805 0.19779689
v 0.02295176 0.00000000 0.19486611
v 0.02272342 -0.00114805 0.19486899
v 0.02207315 -0.00212132 0.19487720
v 0.02109996 -0.00277164 0.19488950
v 0.01995200 -0.00300000 0.19490400
v 0.01880404 -0.00277164 0.19491850
v 0.01783085 -0.00212132 0.19493080
v 0.01718058 -0.00114805 0.19493901
v 0.01695224 -0.00000000 0.19494189
v 0.01718058 0.00114805 0.19493901
v 0.01783085 0.00212132 0.19493080
v 0.01880404 0.00277164 0.19491850
v 0.01995200 0.00300000 0.19490400
v 0.02109996 0.00277164 0.19488950
v 0.02207315 0.00212132 0.19487720
v 0.02272342 0.00114805 0.19486899
v 0.02290525 0.00000000 0.19137204
v 0.02267690 -0.00114805 0.19137501
v 0.02202664 -0.00212132 0.19138345
v 0.02105345 -0.00277164 0.19139609
v 0.01990550 -0.00300000 0.19141100
v 0.01875755 -0.00277164 0.19142591
v 0.01778436 -0.00212132 0.19143855
v 0.01713410 -0.00114805 0.19144699
v 0.01690575 -0.00000000 0.19144996
v 0.01713410 0.00114805 0.19144699
v 0.01778436 0.00212132 0.19143855
v 0.01875755 0.00277164 0.19142591
v 0.01990550 0.00300000 0.19141100
v 0.02105345 0.00277164 0.19139609
v 0.02202664 0.00212132 0.19138345
v 0.02267690 0.00114805 0.19137501
v 0.02285580 0.00000000 0.18747728
v 0.02262745 -0.00114805 0.18747993
v 0.02197718 -0.00212132 0.18748745
v 0.02100397 -0.00277164 0.18749871
v 0.01985600 -0.00300000 0.18751200
v 0.01870803 -0.00277164 0.18752529
v 0.01773482 -0.00212132 0.18753655
v 0.01708455 -0.00114805 0.18754407
v 0.01685620 -0.00000000 0.18754672
v 0.01708455 0.00114805 0.18754407
v 0.01773482 0.00212132 0.18753655
v 0.01870803 0.00277164 0.18752529
v 0.01985600 0.00300000 0.18751200
v 0.02100397 0.00277164 0.18749871
v 0.02197718 0.00212132 0.18748745
v 0.02262745 0.00114805 0.18747993
v 0.02281239 0.00000000 0.18334911
v 0.02258404 -0.00114805 0.18335108
v 0.02193374 -0.00212132 0.18335670
v 0.02096051 -0.00277164 0.18336509
v 0.01981250 -0.00300000 0.18337500
v 0.01866449 -0.00277164 0.18338491
v 0.01769126 -0.00212132 0.18339330
v 0.01704096 -0.00114805 0.18339892
v 0.01681261 -0.00000000 0.18340089
v 0.01704096 0.00114805 0.18339892
v 0.01769126 0.00212132 0.18339330
v 0.01866449 0.00277164 0.18338491
v 0.01981250 0.00300000 0.18337500
v 0.02096051 0.00277164 0.18336509
v 0.02193374 0.00212132 0.18335670
v 0.02258404 0.00114805 0.18335108
v 0.02278398 0.00000000 0.17915610
v 0.02255562 -0.00114805 0.17915700
v 0.02190530 -0.00212132 0.17915958
v 0.02093204 -0.00277164 0.17916344
v 0.01978400 -0.00300000 0.17916800
v 0.01863596 -0.00277164 0.17917256
v 0.01766270 -0.00212132 0.17917642
v 0.01701238 -0.00114805 0.17917900
v 0.01678402 -0.00000000 0.17917990
v 0.01701238 0.00114805 0.17917900
v 0.01766270 0.00212132 0.17917642
v 0.01863596 0.00277164 0.17917256
v 0.01978400 0.00300000 0.17916800
v 0.02093204 0.00277164 0.17916344
v 0.02190530 0.00212132 0.17915958
v 0.02255562 0.00114805 0.17915700
v 0.02277949 0.00000000 0.17506805
v 0.02255113 -0.00114805 0.17506737
v 0.02190081 -0.00212132 0.17506540
v 0.02092755 -0.00277164 0.17506246
v 0.01977950 -0.00300000 0.17505900
v 0.01863145 -0.00277164 0.17505554
v 0.01765819 -0.00212132 0.17505260
v 0.01700787 -0.00114805 0.17505063
v 0.01677951 -0.00000000 0.17504995
v 0.01700787 0.00114805 0.17505063
v 0.01765819 0.00212132 0.17505260
v 0.01863145 0.00277164 0.17505554
v 0.01977950 0.00300000 0.17505900
v 0.02092755 0.00277164 0.17506246
v 0.02190081 0.00212132 0.17506540
v 0.02255113 0.00114805 0.17506737
v 0.02280772 0.00000000 0.17125695
v 0.02257938 -0.00114805 0.17125383
v 0.02192912 -0.00212132 0.17124496
v 0.02095594 -0.00277164 0.17123167
v 0.01980800 -0.00300000 0.17121600
v 0.01866006 -0.00277164 0.17120033
v 0.01768688 -0.00212132 0.17118704
v 0.01703662 -0.00114805 0.17117817
v 0.01680828 -0.00000000 0.17117505
v 0.01703662 0.00114805 0.17117817
v 0.01768688 0.00212132 0.17118704
v 0.01866006 0.00277164 0.17120033
v 0.01980800 0.00300000 0.17121600
v 0.02095594 0.00277164 0.17123167
v 0.02192912 0.00212132 0.17124496
v 0.02257938 0.00114805 0.17125383
v 0.02287707 0.00000000 0.16789962
v 0.02264882 -0.00114805 0.16789257
v 0.02199881 -0.00212132 0.16787249
v 0.02102600 -0.00277164 0.16784244
v 0.01987850 -0.00300000 0.16780700
v 0.01873100 -0.00277164 0.16777156
v 0.01775819 -0.00212132 0.16774151
v 0.01710818 -0.00114805 0.16772143
v 0.01687993 -0.00000000 0.16771438
v 0.01710818 0.00114805 0.16772143
v 0.01775819 0.00212132 0.16774151
v 0.01873100 0.00277164 0.16777156
v 0.01987850 0.00300000 0.16780700
v 0.02102600 0.00277164 0.16784244
v 0.02199881 0.00212132 0.16787249
v 0.02264882 0.00114805 0.16789257
v 0.02299556 0.00000000 0.16516320
v 0.02276753 -0.00114805 0.16515078
v 0.02211818 -0.00212132 0.16511540
v 0.02114635 -0.00277164 0.16506245
v 0.02000000 -0.00300000 0.16500000
v 0.01885365 -0.00277164 0.16493755
v 0.01788182 -0.00212132 0.16488460
v 0.01723247 -0.00114805 0.16484922
v 0.01700444 -0.00000000 0.16483680
v 0.01723247 0.00114805 0.16484922
v 0.01788182 0.00212132 0.16488460
v 0.01885365 0.00277164 0.16493755
v 0.02000000 0.00300000 0.16500000
v 0.02114635 0.00277164 0.16506245
v 0.02211818 0.00212132 0.16511540
v 0.02276753 0.00114805 0.16515078
v 0.02314720 0.00000000 0.16294316
v 0.02291951 -0.00114805 0.16292568
v 0.02227110 -0.00212132 0.16287589
v 0.02130068 -0.00277164 0.16280139
v 0.02015600 -0.00300000 0.16271350
v 0.01901132 -0.00277164 0.16262561
v 0.01804090 -0.00212132 0.16255111
v 0.01739249 -0.00114805 0.16250132
v 0.01716480 -0.00000000 0.16248384
v 0.01739249 0.00114805 0.16250132
v 0.01804090 0.00212132 0.16255111
v 0.01901132 0.00277164 0.16262561
v 0.02015600 0.00300000 0.16271350
v 0.02130068 0.00277164 0.16280139
v 0.02227110 0.00212132 0.16287589
v 0.02291951 0.00114805 0.16292568
v 0.02331350 0.00000000 0.16102261
v 0.02308624 -0.00114805 0.16100018
v 0.02243907 -0.00212132 0.16093632
v 0.02147050 -0.00277164 0.16084074
v 0.02032800 -0.00300000 0.16072800
v 0.01918550 -0.00277164 0.16061526
v 0.01821693 -0.00212132 0.16051968
v 0.01756976 -0.00114805 0.16045582
v 0.01734250 -0.00000000 0.16043339
v 0.01756976 0.00114805 0.16045582
v 0.01821693 0.00212132 0.16051968
v 0.01918550 0.00277164 0.16061526
v 0.02032800 0.00300000 0.16072800
v 0.02147050 0.00277164 0.16084074
v 0.02243907 0.00212132 0.16093632
v 0.02308624 0.00114805 0.16100018
v 0.02052200 -0.00300000 0.15900450
v 0.01938339 -0.00277164 0.15885758
v 0.01841812 -0.00212132 0.15873303
v 0.01777315 -0.00114805 0.15864981
v 0.01754667 -0.00000000 0.15862059
v 0.01777315 0.00114805 0.15864981
v 0.01841812 0.00212132 0.15873303
v 0.01938339 0.00277164 0.15885758
v 0.02052200 0.00300000 0.15900450
v 0.02166061 0.00277164 0.15915142
v 0.02262588 0.00212132 0.15927597
v 0.02327085 0.00114805 0.15935919
v 0.02349733 0.00000000 0.15938841
v 0.02327085 -0.00114805 0.15935919
v 0.02262588 -0.00212132 0.15927597
v 0.02166061 -0.00277164 0.15915142
v 0.02074400 -0.00300000 0.15750400
v 0.01961213 -0.00277164 0.15731194
v 0.01865257 -0.00212132 0.15714912
v 0.01801142 -0.00114805 0.15704032
v 0.01778628 -0.00000000 0.15700212
v 0.01801142 0.00114805 0.15704032
v 0.01865257 0.00212132 0.15714912
v 0.01961213 0.00277164 0.15731194
v 0.02074400 0.00300000 0.15750400
v 0.02187587 0.00277164 0.15769606
v 0.02283543 0.00212132 0.15785888
v 0.02347658 0.00114805 0.15796768
v 0.02370172 0.00000000 0.15800588
v 0.02347658 -0.00114805 0.15796768
v 0.02283543 -0.00212132 0.15785888
v 0.02187587 -0.00277164 0.15769606
v 0.02100000 -0.00300000 0.15618750
v 0.01987920 -0.00277164 0.15593883
v 0.01892904 -0.00212132 0.15572803
v 0.01829416 -0.00114805 0.15558717
v 0.01807122 -0.00000000 0.15553771
v 0.01829416 0.00114805 0.15558717
v 0.01892904 0.00212132 0.15572803
v 0.01987920 0.00277164 0.15593883
v 0.02100000 0.00300000 0.15618750
v 0.02212080 0.00277164 0.15643617
v 0.02307096 0.00212132 0.15664697
v 0.02370584 0.00114805 0.15678783
v 0.02392878 0.00000000 0.15683729
v 0.02370584 -0.00114805 0.15678783
v 0.02307096 -0.00212132 0.15664697
v 0.02212080 -0.00277164 0.15643617
v 0.02129600 -0.00300000 0.15501600
v 0.02019197 -0.00277164 0.15470113
v 0.01925602 -0.00212132 0.15443419
v 0.01863064 -0.00114805 0.15425583
v 0.01841104 -0.00000000 0.15419320
v 0.01863064 0.00114805 0.15425583
v 0.01925602 0.00212132 0.15443419
v 0.02019197 0.00277164 0.15470113
v 0.02129600 0.00300000 0.15501600
v 0.02240003 0.00277164 0.15533087
v 0.02333598 0.00212132 0.15559781
v 0.02396136 0.00114805 0.15577617
v 0.02418096 0.00000000 0.15583880
v 0.02396136 -0.00114805 0.15577617
v 0.02333598 -0.00212132 0.15559781
v 0.02240003 -0.00277164 0.15533087
v 0.02163800 -0.00300000 0.15395050
v 0.02055664 -0.00277164 0.15356490
v 0.01963991 -0.00212132 0.15323800
v 0.01902737 -0.00114805 0.15301958
v 0.01881228 -0.00000000 0.15294288
v 0.01902737 0.00114805 0.15301958
v 0.01963991 0.00212132 0.15323800
v 0.02055664 0.00277164 0.15356490
v 0.02163800 0.00300000 0.15395050
v 0.02271936 0.00277164 0.15433610
v 0.02363609 0.00212132 0.15466300
v 0.02424863 0.00114805 0.15488142
v 0.02446372 0.00000000 0.15495812
v 0.02424863 -0.00114805 0.15488142
v 0.02363609 -0.00212132 0.15466300
v 0.02271936 -0.00277164 0.15433610
v 0.02203200 -0.00300000 0.15295200
v 0.02097719 -0.00277164 0.15249879
v 0.02008297 -0.00212132 0.15211458
v 0.01948547 -0.00114805 0.15185786
v 0.01927565 -0.00000000 0.15176771
v 0.01948547 0.00114805 0.15185786
v 0.02008297 0.00212132 0.15211458
v 0.02097719 0.00277164 0.15249879
v 0.02203200 0.00300000 0.15295200
v 0.02308681 0.00277164 0.15340521
v 0.02398103 0.00212132 0.15378942
v 0.02457853 0.00114805 0.15404614
v 0.02478835 0.00000000 0.15413629
v 0.02457853 -0.00114805 0.15404614
v 0.02398103 -0.00212132 0.15378942
v 0.02308681 -0.00277164 0.15340521
v 0.02248400 -0.00300000 0.15198150
v 0.02145547 -0.00277164 0.15147145
v 0.02058353 -0.00212132 0.15103905
v 0.02000091 -0.00114805 0.15075013
v 0.01979633 -0.00000000 0.15064868
v 0.02000091 0.00114805 0.15075013
v 0.02058353 0.00212132 0.15103905
v 0.02145547 0.00277164 0.15147145
v 0.02248400 0.00300000 0.15198150
v 0.02351253 0.00277164 0.15249155
v 0.02438447 0.00212132 0.15292395
v 0.02496709 0.00114805 0.15321287
v 0.02517167 0.00000000 0.15331432
v 0.02496709 -0.00114805 0.15321287
v 0.02438447 -0.00212132 0.15292395
v 0.02351253 -0.00277164 0.15249155
v 0.02300000 -0.00300000 0.15100000
v 0.02200126 -0.00277164 0.15043383
v 0.02115457 -0.00212132 0.14995386
v 0.02058884 -0.00114805 0.14963315
v 0.02039017 -0.00000000 0.14952054
v 0.02058884 0.00114805 0.14963315
v 0.02115457 0.00212132 0.14995386
v 0.02200126 0.00277164 0.15043383
v 0.02300000 0.00300000 0.15100000
v 0.02399874 0.00277164 0.15156617
v 0.02484543 0.00212132 0.15204614
v 0.02541116 0.00114805 0.15236685
v 0.02560983 0.00000000 0.15247946
v 0.02541116 -0.00114805 0.15236685
v 0.02484543 -0.00212132 0.15204614
v 0.02399874 -0.00277164 0.15156617
v 0.02357950 -0.00300000 0.15004900
v 0.02262687 -0.00277164 0.14940829
v 0.02181926 -0.00212132 0.14886512
v 0.02127964 -0.00114805 0.14850219
v 0.02109015 -0.00000000 0.14837475
v 0.02127964 0.00114805 0.14850219
v 0.02181926 0.00212132 0.14886512
v 0.02262687 0.00277164 0.14940829
v 0.02357950 0.00300000 0.15004900
v 0.02453213 0.00277164 0.15068971
v 0.02533974 0.00212132 0.15123288
v 0.02587936 0.00114805 0.15159581
v 0.02606885 0.00000000 0.15172325
v 0.02587936 -0.00114805 0.15159581
v 0.02533974 -0.00212132 0.15123288
v 0.02453213 -0.00277164 0.15068971
v 0.02421600 -0.00300000 0.14919200
v 0.02332656 -0.00277164 0.14846611
v 0.02257252 -0.00212132 0.14785074
v 0.02206869 -0.00114805 0.14743956
v 0.02189177 -0.00000000 0.14729517
v 0.02206869 0.00114805 0.14743956
v 0.02257252 0.00212132 0.14785074
v 0.02332656 0.00277164 0.14846611
v 0.02421600 0.00300000 0.14919200
v 0.02510544 0.00277164 0.14991789
v 0.02585948 0.00212132 0.15053326
v 0.02636331 0.00114805 0.15094444
v 0.02654023 0.00000000 0.15108883
v 0.02636331 -0.00114805 0.15094444
v 0.02585948 -0.00212132 0.15053326
v 0.02510544 -0.00277164 0.14991789
v 0.02490650 -0.00300000 0.14842300
v 0.02408799 -0.00277164 0.14761798
v 0.02339409 -0.00212132 0.14693552
v 0.02293044 -0.00114805 0.14647951
v 0.02276762 -0.00000000 0.14631938
v 0.02293044 0.00114805 0.14647951
v 0.02339409 0.00212132 0.14693552
v 0.02408799 0.00277164 0.14761798
v 0.02490650 0.00300000 0.14842300
v 0.02572501 0.00277164 0.14922802
v 0.02641891 0.00212132 0.14991048
v 0.02688256 0.00114805 0.15036649
v 0.02704538 0.00000000 0.15052662
v 0.02688256 -0.00114805 0.15036649
v 0.02641891 -0.00212132 0.14991048
v 0.02572501 -0.00277164 0.14922802
v 0.02564800 -0.00300000 0.14773600
v 0.02490558 -0.00277164 0.14686031
v 0.02427619 -0.00212132 0.14611794
v 0.02385564 -0.00114805 0.14562190
v 0.02370796 -0.00000000 0.14544771
v 0.02385564 0.00114805 0.14562190
v 0.02427619 0.00212132 0.14611794
v 0.02490558 0.00277164 0.14686031
v 0.02564800 0.00300000 0.14773600
v 0.02639042 0.00277164 0.14861169
v 0.02701981 0.00212132 0.14935406
v 0.02744036 0.00114805 0.14985010
v 0.02758804 0.00000000 0.15002429
v 0.02744036 -0.00114805 0.14985010
v 0.02701981 -0.00212132 0.14935406
v 0.02639042 -0.00277164 0.14861169
v 0.02643750 -0.00300000 0.14712500
v 0.02577327 -0.00277164 0.14618862
v 0.02521016 -0.00212132 0.14539479
v 0.02483390 -0.00114805 0.14486437
v 0.02470178 -0.00000000 0.14467811
v 0.02483390 0.00114805 0.14486437
v 0.02521016 0.00212132 0.14539479
v 0.02577327 0.00277164 0.14618862
v 0.02643750 0.00300000 0.14712500
v 0.02710173 0.00277164 0.14806138
v 0.02766484 0.00212132 0.14885521
v 0.02804110 0.00114805 0.14938563
v 0.02817322 0.00000000 0.14957189
v 0.02804110 -0.00114805 0.14938563
v 0.02766484 -0.00212132 0.14885521
v 0.02710173 -0.00277164 0.14806138
v 0.02727200 -0.00300000 0.14658400
v 0.02668498 -0.00277164 0.14559737
v 0.02618733 -0.00212132 0.14476095
v 0.02585482 -0.00114805 0.14420207
v 0.02573805 -0.00000000 0.14400582
v 0.02585482 0.00114805 0.14420207
v 0.02618733 0.00212132 0.14476095
v 0.02668498 0.00277164 0.14559737
v 0.02727200 0.00300000 0.14658400
v 0.02785902 0.00277164 0.14757063
v 0.02835667 0.00212132 0.14840705
v 0.02868918 0.00114805 0.14896593
v 0.02880595 0.00000000 0.14916218
v 0.02868918 -0.00114805 0.14896593
v 0.02835667 -0.00212132 0.14840705
v 0.02785902 -0.00277164 0.14757063
v 0.02814850 -0.00300000 0.14610700
v 0.02763508 -0.00277164 0.14508015
v 0.02719982 -0.00212132 0.14420963
v 0.02690899 -0.00114805 0.14362797
v 0.02680686 -0.00000000 0.14342372
v 0.02690899 0.00114805 0.14362797
v 0.02719982 0.00212132 0.14420963
v 0.02763508 0.00277164 0.14508015
v 0.02814850 0.00300000 0.14610700
v 0.02866192 0.00277164 0.14713385
v 0.02909718 0.00212132 0.14800437
v 0.02938801 0.00114805 0.14858603
v 0.02949014 0.00000000 0.14879028
v 0.02938801 -0.00114805 0.14858603
v 0.02909718 -0.00212132 0.14800437
v 0.02866192 -0.00277164 0.14713385
v 0.02906400 -0.00300000 0.14568800
v 0.02861854 -0.00277164 0.14462989
v 0.02824090 -0.00212132 0.14373288
v 0.02798857 -0.00114805 0.14313351
v 0.02789996 -0.00000000 0.14292304
v 0.02798857 0.00114805 0.14313351
v 0.02824090 0.00212132 0.14373288
v 0.02861854 0.00277164 0.14462989
v 0.02906400 0.00300000 0.14568800
v 0.02950946 0.00277164 0.14674611
v 0.02988710 0.00212132 0.14764312
v 0.03013943 0.00114805 0.14824249
v 0.03022804 0.00000000 0.14845296
v 0.03013943 -0.00114805 0.14824249
v 0.02988710 -0.00212132 0.14764312
v 0.02950946 -0.00277164 0.14674611
v 0.03001550 -0.00300000 0.14532100
v 0.02963107 -0.00277164 0.14423923
v 0.02930516 -0.00212132 0.14332214
v 0.02908740 -0.00114805 0.14270937
v 0.02901093 -0.00000000 0.14249419
v 0.02908740 0.00114805 0.14270937
v 0.02930516 0.00212132 0.14332214
v 0.02963107 0.00277164 0.14423923
v 0.03001550 0.00300000 0.14532100
v 0.03039993 0.00277164 0.14640277
v 0.03072584 0.00212132 0.14731986
v 0.03094360 0.00114805 0.14793263
v 0.03102007 0.00000000 0.14814781
v 0.03094360 -0.00114805 0.14793263
v 0.03072584 -0.00212132 0.14731986
v 0.03039993 -0.00277164 0.14640277
v 0.03100000 -0.00300000 0.14500000
v 0.03069493 -0.00277164 0.14389322
v 0.03043630 -0.00212132 0.14295495
v 0.03026349 -0.00114805 0.14232801
v 0.03020281 -0.00000000 0.14210786
v 0.03026349 0.00114805 0.14232801
v 0.03043630 0.00212132 0.14295495
v 0.03069493 0.00277164 0.14389322
v 0.03100000 0.00300000 0.14500000
v 0.03130507 0.00277164 0.14610678
v 0.03156370 0.00212132 0.14704505
v 0.03173651 0.00114805 0.14767199
v 0.03179719 0.00000000 0.14789214
v 0.03173651 -0.00114805 0.14767199
v 0.03156370 -0.00212132 0.14704505
v 0.03130507 -0.00277164 0.14610678
v 0.03202900 -0.00300000 0.14476600
v 0.03184026 -0.00277164 0.14363357
v 0.03168026 -0.00212132 0.14267354
v 0.03157335 -0.00114805 0.14203207
v 0.03153580 -0.00000000 0.14180682
v 0.03157335 0.00114805 0.14203207
v 0.03168026 0.00212132 0.14267354
v 0.03184026 0.00277164 0.14363357
v 0.03202900 0.00300000 0.14476600
v 0.03221774 0.00277164 0.14589843
v 0.03237774 0.00212132 0.14685846
v 0.03248465 0.00114805 0.14749993
v 0.03252220 0.00000000 0.14772518
v 0.03248465 -0.00114805 0.14749993
v 0.03237774 -0.00212132 0.14685846
v 0.03221774 -0.00277164 0.14589843
v 0.03311200 -0.00300000 0.14464800
v 0.03303749 -0.00277164 0.14350237
v 0.03297432 -0.00212132 0.14253115
v 0.03293211 -0.00114805 0.14188221
v 0.03291729 -0.00000000 0.14165433
v 0.03293211 0.00114805 0.14188221
v 0.03297432 0.00212132 0.14253115
v 0.03303749 0.00277164 0.14350237
v 0.03311200 0.00300000 0.14464800
v 0.03318651 0.00277164 0.14579363
v 0.03324968 0.00212132 0.14676485
v 0.03329189 0.00114805 0.14741379
v 0.03330671 0.00000000 0.14764167
v 0.03329189 -0.00114805 0.14741379
v 0.03324968 -0.00212132 0.14676485
v 0.03318651 -0.00277164 0.14579363
v 0.03424300 -0.00300000 0.14462200
v 0.03425097 -0.00277164 0.14347398
v 0.03425773 -0.00212132 0.14250073
v 0.03426225 -0.00114805 0.14185043
v 0.03426383 -0.00000000 0.14162207
v 0.03426225 0.00114805 0.14185043
v 0.03425773 0.00212132 0.14250073
v 0.03425097 0.00277164 0.14347398
v 0.03424300 0.00300000 0.14462200
v 0.03423503 0.00277164 0.14577002
v 0.03422827 0.00212132 0.14674327
v 0.03422375 0.00114805 0.14739357
v 0.03422217 0.00000000 0.14762193
v 0.03422375 -0.00114805 0.14739357
v 0.03422827 -0.00212132 0.14674327
v 0.03423503 -0.00277164 0.14577002
v 0.03541600 -0.00300000 0.14466400
v 0.03547760 -0.00277164 0.14351760
v 0.03552983 -0.00212132 0.14254574
v 0.03556472 -0.00114805 0.14189635
v 0.03557698 -0.00000000 0.14166832
v 0.03556472 0.00114805 0.14189635
v 0.03552983 0.00212132 0.14254574
v 0.03547760 0.00277164 0.14351760
v 0.03541600 0.00300000 0.14466400
v 0.03535440 0.00277164 0.14581040
v 0.03530217 0.00212132 0.14678226
v 0.03526728 0.00114805 0.14743165
v 0.03525502 0.00000000 0.14765968
v 0.03526728 -0.00114805 0.14743165
v 0.03530217 -0.00212132 0.14678226
v 0.03535440 -0.00277164 0.14581040
v 0.03662500 -0.00300000 0.14475000
v 0.03671477 -0.00277164 0.14360546
v 0.03679087 -0.00212132 0.14263517
v 0.03684172 -0.00114805 0.14198685
v 0.03685957 -0.00000000 0.14175918
v 0.03684172 0.00114805 0.14198685
v 0.03679087 0.00212132 0.14263517
v 0.03671477 0.00277164 0.14360546
v 0.03662500 0.00300000 0.14475000
v 0.03653523 0.00277164 0.14589454
v 0.03645913 0.00212132 0.14686483
v 0.03640828 0.00114805 0.14751315
v 0.03639043 0.00000000 0.14774082
v 0.03640828 -0.00114805 0.14751315
v 0.03645913 -0.00212132 0.14686483
v 0.03653523 -0.00277164 0.14589454
v 0.03786400 -0.00300000 0.14485600
v 0.03795911 -0.00277164 0.14371190
v 0.03803975 -0.00212132 0.14274197
v 0.03809362 -0.00114805 0.14209389
v 0.03811254 -0.00000000 0.14186631
v 0.03809362 0.00114805 0.14209389
v 0.03803975 0.00212132 0.14274197
v 0.03795911 0.00277164 0.14371190
v 0.03786400 0.00300000 0.14485600
v 0.03776889 0.00277164 0.14600010
v 0.03768825 0.00212132 0.14697003
v 0.03763438 0.00114805 0.14761811
v 0.03761546 0.00000000 0.14784569
v 0.03763438 -0.00114805 0.14761811
v 0.03768825 -0.00212132 0.14697003
v 0.03776889 -0.00277164 0.14600010
v 0.03912700 -0.00300000 0.14495800
v 0.03920624 -0.00277164 0.14381269
v 0.03927341 -0.00212132 0.14284174
v 0.03931829 -0.00114805 0.14219297
v 0.03933405 -0.00000000 0.14196515
v 0.03931829 0.00114805 0.14219297
v 0.03927341 0.00212132 0.14284174
v 0.03920624 0.00277164 0.14381269
v 0.03912700 0.00300000 0.14495800
v 0.03904776 0.00277164 0.14610331
v 0.03898059 0.00212132 0.14707426
v 0.03893571 0.00114805 0.14772303
v 0.03891995 0.00000000 0.14795085
v 0.03893571 -0.00114805 0.14772303
v 0.03898059 -0.00212132 0.14707426
v 0.03904776 -0.00277164 0.14610331
v 0.04040800 -0.00300000 0.14503200
v 0.04045079 -0.00277164 0.14388475
v 0.04048706 -0.00212132 0.14291215
v 0.04051130 -0.00114805 0.14226229
v 0.04051981 -0.00000000 0.14203408
v 0.04051130 0.00114805 0.14226229
v 0.04048706 0.00212132 0.14291215
v 0.04045079 0.00277164 0.14388475
v 0.04040800 0.00300000 0.14503200
v 0.04036521 0.00277164 0.14617925
v 0.04032894 0.00212132 0.14715185
v 0.04030470 0.00114805 0.14780171
v 0.04029619 0.00000000 0.14802992
v 0.04030470 -0.00114805 0.14780171
v 0.04032894 -0.00212132 0.14715185
v 0.04036521 -0.00277164 0.14617925
v 0.04170100 -0.00300000 0.14505400
v 0.04168683 -0.00277164 0.14390604
v 0.04167481 -0.00212132 0.14293284
v 0.04166678 -0.00114805 0.14228257
v 0.04166397 -0.00000000 0.14205423
v 0.04166678 0.00114805 0.14228257
v 0.04167481 0.00212132 0.14293284
v 0.04168683 0.00277164 0.14390604
v 0.04170100 0.00300000 0.14505400
v 0.04171517 0.00277164 0.14620196
v 0.04172719 0.00212132 0.14717516
v 0.04173522 0.00114805 0.14782543
v 0.04173803 0.00000000 0.14805377
v 0.04173522 -0.00114805 0.14782543
v 0.04172719 -0.00212132 0.14717516
v 0.04171517 -0.00277164 0.14620196
v 0.04300000 -0.00300000 0.14500000
v 0.04294041 -0.00277164 0.14385350
v 0.04288990 -0.00212132 0.14288154
v 0.04285614 -0.00114805 0.14223210
v 0.04284429 -0.00000000 0.14200404
v 0.04285614 0.00114805 0.14223210
v 0.04288990 0.00212132 0.14288154
v 0.04294041 0.00277164 0.14385350
v 0.04300000 0.00300000 0.14500000
v 0.04305959 0.00277164 0.14614650
v 0.04311010 0.00212132 0.14711846
v 0.04314386 0.00114805 0.14776790
v 0.04315571 0.00000000 0.14799596
v 0.04314386 -0.00114805 0.14776790
v 0.04311010 -0.00212132 0.14711846
v 0.04305959 -0.00277164 0.14614650
v 0.04433700 -0.00300000 0.14491700
v 0.04427666 -0.00277164 0.14377054
v 0.04422551 -0.00212132 0.14279861
v 0.04419133 -0.00114805 0.14214919
v 0.04417932 -0.00000000 0.14192115
v 0.04419133 0.00114805 0.14214919
v 0.04422551 0.00212132 0.14279861
v 0.04427666 0.00277164 0.14377054
v 0.04433700 0.00300000 0.14491700
v 0.04439734 0.00277164 0.14606346
v 0.04444849 0.00212132 0.14703539
v 0.04448267 0.00114805 0.14768481
v 0.04449468 0.00000000 0.14791285
v 0.04448267 -0.00114805 0.14768481
v 0.04444849 -0.00212132 0.14703539
v 0.04439734 -0.00277164 0.14606346
v 0.04573600 -0.00300000 0.14485600
v 0.04568837 -0.00277164 0.14370894
v 0.04564800 -0.00212132 0.14273651
v 0.04562102 -0.00114805 0.14208675
v 0.04561155 -0.00000000 0.14185858
v 0.04562102 0.00114805 0.14208675
v 0.04564800 0.00212132 0.14273651
v 0.04568837 0.00277164 0.14370894
v 0.04573600 0.00300000 0.14485600
v 0.04578363 0.00277164 0.14600306
v 0.04582400 0.00212132 0.14697549
v 0.04585098 0.00114805 0.14762525
v 0.04586045 0.00000000 0.14785342
v 0.04585098 -0.00114805 0.14762525
v 0.04582400 -0.00212132 0.14697549
v 0.04578363 -0.00277164 0.14600306
v 0.04717900 -0.00300000 0.14479900
v 0.04712858 -0.00277164 0.14365206
v 0.04708585 -0.00212132 0.14267973
v 0.04705729 -0.00114805 0.14203004
v 0.04704726 -0.00000000 0.14180189
v 0.04705729 0.00114805 0.14203004
v 0.04708585 0.00212132 0.14267973
v 0.04712858 0.00277164 0.14365206
v 0.04717900 0.00300000 0.14479900
v 0.04722942 0.00277164 0.14594594
v 0.04727215 0.00212132 0.14691827
v 0.04730071 0.00114805 0.14756796
v 0.04731074 0.00000000 0.14779611
v 0.04730071 -0.00114805 0.14756796
v 0.04727215 -0.00212132 0.14691827
v 0.04722942 -0.00277164 0.14594594
v 0.04864800 -0.00300000 0.14472800
v 0.04858031 -0.00277164 0.14358195
v 0.04852293 -0.00212132 0.14261037
v 0.04848458 -0.00114805 0.14196118
v 0.04847112 -0.00000000 0.14173322
v 0.04848458 0.00114805 0.14196118
v 0.04852293 0.00212132 0.14261037
v 0.04858031 0.00277164 0.14358195
v 0.04864800 0.00300000 0.14472800
v 0.04871569 0.00277164 0.14587405
v 0.04877307 0.00212132 0.14684563
v 0.04881142 0.00114805 0.14749482
v 0.04882488 0.00000000 0.14772278
v 0.04881142 -0.00114805 0.14749482
v 0.04877307 -0.00212132 0.14684563
v 0.04871569 -0.00277164 0.14587405
v 0.05012500 -0.00300000 0.14462500
v 0.05002554 -0.00277164 0.14348127
v 0.04994123 -0.00212132 0.14251165
v 0.04988489 -0.00114805 0.14186378
v 0.04986511 -0.00000000 0.14163628
v 0.04988489 0.00114805 0.14186378
v 0.04994123 0.00212132 0.14251165
v 0.05002554 0.00277164 0.14348127
v 0.05012500 0.00300000 0.14462500
v 0.05022446 0.00277164 0.14576873
v 0.05030877 0.00212132 0.14673835
v 0.05036511 0.00114805 0.14738622
v 0.05038489 0.00000000 0.14761372
v 0.05036511 -0.00114805 0.14738622
v 0.05030877 -0.00212132 0.14673835
v 0.05022446 -0.00277164 0.14576873
v 0.05159200 -0.00300000 0.14447200
v 0.05144546 -0.00277164 0.14333334
v 0.05132122 -0.00212132 0.14236803
v 0.05123821 -0.00114805 0.14172303
v 0.05120906 -0.00000000 0.14149654
v 0.05123821 0.00114805 0.14172303
v 0.05132122 0.00212132 0.14236803
v 0.05144546 0.00277164 0.14333334
v 0.05159200 0.00300000 0.14447200
v 0.05173854 0.00277164 0.14561066
v 0.05186278 0.00212132 0.14657597
v 0.05194579 0.00114805 0.14722097
v 0.05197494 0.00000000 0.14744746
v 0.05194579 -0.00114805 0.14722097
v 0.05186278 -0.00212132 0.14657597
v 0.05173854 -0.00277164 0.14561066
v 0.05303100 -0.00300000 0.14425100
v 0.05282058 -0.00277164 0.14312240
v 0.05264220 -0.00212132 0.14216561
v 0.05252301 -0.00114805 0.14152631
v 0.05248115 -0.00000000 0.14130182
v 0.05252301 0.00114805 0.14152631
v 0.05264220 0.00212132 0.14216561
v 0.05282058 0.00277164 0.14312240
v 0.05303100 0.00300000 0.14425100
v 0.05324142 0.00277164 0.14537960
v 0.05341980 0.00212132 0.14633639
v 0.05353899 0.00114805 0.14697569
v 0.05358085 0.00000000 0.14720018
v 0.05353899 -0.00114805 0.14697569
v 0.05341980 -0.00212132 0.14633639
v 0.05324142 -0.00277164 0.14537960
v 0.05442400 -0.00300000 0.14394400
v 0.05413119 -0.00277164 0.14283392
v 0.05388295 -0.00212132 0.14189284
v 0.05371709 -0.00114805 0.14126403
v 0.05365884 -0.00000000 0.14104322
v 0.05371709 0.00114805 0.14126403
v 0.05388295 0.00212132 0.14189284
v 0.05413119 0.00277164 0.14283392
v 0.05442400 0.00300000 0.14394400
v 0.05471681 0.00277164 0.14505408
v 0.05496505 0.00212132 0.14599516
v 0.05513091 0.00114805 0.14662397
v 0.05518916 0.00000000 0.14684478
v 0.05513091 -0.00114805 0.14662397
v 0.05496505 -0.00212132 0.14599516
v 0.05471681 -0.00277164 0.14505408
v 0.05575300 -0.00300000 0.14353300
v 0.05535798 -0.00277164 0.14245505
v 0.05502309 -0.00212132 0.14154121
v 0.05479933 -0.00114805 0.14093060
v 0.05472075 -0.00000000 0.14071618
v 0.05479933 0.00114805 0.14093060
v 0.05502309 0.00212132 0.14154121
v 0.05535798 0.00277164 0.14245505
v 0.05575300 0.00300000 0.14353300
v 0.05614802 0.00277164 0.14461095
v 0.05648291 0.00212132 0.14552479
v 0.05670667 0.00114805 0.14613540
v 0.05678525 0.00000000 0.14634982
v 0.05670667 -0.00114805 0.14613540
v 0.05648291 -0.00212132 0.14552479
v 0.05614802 -0.00277164 0.14461095
v 0.05700000 -0.00300000 0.14300000
v 0.05649496 -0.00277164 0.14196900
v 0.05606680 -0.00212132 0.14109497
v 0.05578072 -0.00114805 0.14051096
v 0.05568026 -0.00000000 0.14030588
v 0.05578072 0.00114805 0.14051096
v 0.05606680 0.00212132 0.14109497
v 0.05649496 0.00277164 0.14196900
v 0.05700000 0.00300000 0.14300000
v 0.05750504 0.00277164 0.14403100
v 0.05793320 0.00212132 0.14490503
v 0.05821928 0.00114805 0.14548904
v 0.05831974 0.00000000 0.14569412
v 0.05821928 -0.00114805 0.14548904
v 0.05793320 -0.00212132 0.14490503
v 0.05750504 -0.00277164 0.14403100
v 0.05819350 -0.00300000 0.14233750
v 0.05759700 -0.00277164 0.14135658
v 0.05709130 -0.00212132 0.14052500
v 0.05675341 -0.00114805 0.13996935
v 0.05663476 -0.00000000 0.13977424
v 0.05675341 0.00114805 0.13996935
v 0.05709130 0.00212132 0.14052500
v 0.05759700 0.00277164 0.14135658
v 0.05819350 0.00300000 0.14233750
v 0.05879000 0.00277164 0.14331842
v 0.05929570 0.00212132 0.14415000
v 0.05963359 0.00114805 0.14470565
v 0.05975224 0.00000000 0.14490076
v 0.05963359 -0.00114805 0.14470565
v 0.05929570 -0.00212132 0.14415000
v 0.05879000 -0.00277164 0.14331842
v 0.05936800 -0.00300000 0.14156000
v 0.05870147 -0.00277164 0.14062525
v 0.05813642 -0.00212132 0.13983281
v 0.05775886 -0.00114805 0.13930331
v 0.05762628 -0.00000000 0.13911738
v 0.05775886 0.00114805 0.13930331
v 0.05813642 0.00212132 0.13983281
v 0.05870147 0.00277164 0.14062525
v 0.05936800 0.00300000 0.14156000
v 0.06003453 0.00277164 0.14249475
v 0.06059958 0.00212132 0.14328719
v 0.06097714 0.00114805 0.14381669
v 0.06110972 0.00000000 0.14400262
v 0.06097714 -0.00114805 0.14381669
v 0.06059958 -0.00212132 0.14328719
v 0.06003453 -0.00277164 0.14249475
v 0.06051450 -0.00300000 0.14068250
v 0.05978889 -0.00277164 0.13979283
v 0.05917374 -0.00212132 0.13903861
v 0.05876271 -0.00114805 0.13853466
v 0.05861838 -0.00000000 0.13835769
v 0.05876271 0.00114805 0.13853466
v 0.05917374 0.00212132 0.13903861
v 0.05978889 0.00277164 0.13979283
v 0.06051450 0.00300000 0.14068250
v 0.06124011 0.00277164 0.14157217
v 0.06185526 0.00212132 0.14232639
v 0.06226629 0.00114805 0.14283034
v 0.06241062 0.00000000 0.14300731
v 0.06226629 -0.00114805 0.14283034
v 0.06185526 -0.00212132 0.14232639
v 0.06124011 -0.00277164 0.14157217
v 0.06162400 -0.00300000 0.13972000
v 0.06084758 -0.00277164 0.13887431
v 0.06018937 -0.00212132 0.13815736
v 0.05974956 -0.00114805 0.13767832
v 0.05959512 -0.00000000 0.13751010
v 0.05974956 0.00114805 0.13767832
v 0.06018937 0.00212132 0.13815736
v 0.06084758 0.00277164 0.13887431
v 0.06162400 0.00300000 0.13972000
v 0.06240042 0.00277164 0.14056569
v 0.06305863 0.00212132 0.14128264
v 0.06349844 0.00114805 0.14176168
v 0.06365288 0.00000000 0.14192990
v 0.06349844 -0.00114805 0.14176168
v 0.06305863 -0.00212132 0.14128264
v 0.06240042 -0.00277164 0.14056569
v 0.06268750 -0.00300000 0.13868750
v 0.06186646 -0.00277164 0.13788505
v 0.06117042 -0.00212132 0.13720477
v 0.06070534 -0.00114805 0.13675022
v 0.06054203 -0.00000000 0.13659061
v 0.06070534 0.00114805 0.13675022
v 0.06117042 0.00212132 0.13720477
v 0.06186646 0.00277164 0.13788505
v 0.06268750 0.00300000 0.13868750
v 0.06350854 0.00277164 0.13948995
v 0.06420458 0.00212132 0.14017023
v 0.06466966 0.00114805 0.14062478
v 0.06483297 0.00000000 0.14078439
v 0.06466966 -0.00114805 0.14062478
v 0.06420458 -0.00212132 0.14017023
v 0.06350854 -0.00277164 0.13948995
v 0.06369600 -0.00300000 0.13760000
v 0.06283488 -0.00277164 0.13684073
v 0.06210485 -0.00212132 0.13619706
v 0.06161706 -0.00114805 0.13576697
v 0.06144578 -0.00000000 0.13561594
v 0.06161706 0.00114805 0.13576697
v 0.06210485 0.00212132 0.13619706
v 0.06283488 0.00277164 0.13684073
v 0.06369600 0.00300000 0.13760000
v 0.06455712 0.00277164 0.13835927
v 0.06528715 0.00212132 0.13900294
v 0.06577494 0.00114805 0.13943303
v 0.06594622 0.00000000 0.13958406
v 0.06577494 -0.00114805 0.13943303
v 0.06528715 -0.00212132 0.13900294
v 0.06455712 -0.00277164 0.13835927
v 0.06464050 -0.00300000 0.13647250
v 0.06374249 -0.00277164 0.13575724
v 0.06298119 -0.00212132 0.13515087
v 0.06247251 -0.00114805 0.13474571
v 0.06229388 -0.00000000 0.13460344
v 0.06247251 0.00114805 0.13474571
v 0.06298119 0.00212132 0.13515087
v 0.06374249 0.00277164 0.13575724
v 0.06464050 0.00300000 0.13647250
v 0.06553851 0.00277164 0.13718776
v 0.06629981 0.00212132 0.13779413
v 0.06680849 0.00114805 0.13819929
v 0.06698712 0.00000000 0.13834156
v 0.06680849 -0.00114805 0.13819929
v 0.06629981 -0.00212132 0.13779413
v 0.06553851 -0.00277164 0.13718776
v 0.06551200 -0.00300000 0.13532000
v 0.06457921 -0.00277164 0.13465073
v 0.06378843 -0.00212132 0.13408335
v 0.06326005 -0.00114805 0.13370424
v 0.06307450 -0.00000000 0.13357111
v 0.06326005 0.00114805 0.13370424
v 0.06378843 0.00212132 0.13408335
v 0.06457921 0.00277164 0.13465073
v 0.06551200 0.00300000 0.13532000
v 0.06644479 0.00277164 0.13598927
v 0.06723557 0.00212132 0.13655665
v 0.06776395 0.00114805 0.13693576
v 0.06794950 0.00000000 0.13706889
v 0.06776395 -0.00114805 0.13693576
v 0.06723557 -0.00212132 0.13655665
v 0.06644479 -0.00277164 0.13598927
v 0.06630150 -0.00300000 0.13415750
v 0.06533514 -0.00277164 0.13353769
v 0.06451589 -0.00212132 0.13301225
v 0.06396849 -0.00114805 0.13266116
v 0.06377627 -0.00000000 0.13253787
v 0.06396849 0.00114805 0.13266116
v 0.06451589 0.00212132 0.13301225
v 0.06533514 0.00277164 0.13353769
v 0.06630150 0.00300000 0.13415750
v 0.06726786 0.00277164 0.13477731
v 0.06808711 0.00212132 0.13530275
v 0.06863451 0.00114805 0.13565384
v 0.06882673 0.00000000 0.13577713
v 0.06863451 -0.00114805 0.13565384
v 0.06808711 -0.00212132 0.13530275
v 0.06726786 -0.00277164 0.13477731
v 0.06700000 -0.00300000 0.13300000
v 0.06604122 -0.00277164 0.13236853
v 0.06522840 -0.00212132 0.13183319
v 0.06468529 -0.00114805 0.13147549
v 0.06449458 -0.00000000 0.13134989
v 0.06468529 0.00114805 0.13147549
v 0.06522840 0.00212132 0.13183319
v 0.06604122 0.00277164 0.13236853
v 0.06700000 0.00300000 0.13300000
v 0.06795878 0.00277164 0.13363147
v 0.06877160 0.00212132 0.13416681
v 0.06931471 0.00114805 0.13452451
v 0.06950542 0.00000000 0.13465011
v 0.06931471 -0.00114805 0.13452451
v 0.06877160 -0.00212132 0.13416681
v 0.06795878 -0.00277164 0.13363147
v 0.06759700 -0.00300000 0.13219050
v 0.06678521 -0.00277164 0.13137871
v 0.06609700 -0.00212132 0.13069050
v 0.06563716 -0.00114805 0.13023066
v 0.06547568 -0.00000000 0.13006918
v 0.06563716 0.00114805 0.13023066
v 0.06609700 0.00212132 0.13069050
v 0.06678521 0.00277164 0.13137871
v 0.06759700 0.00300000 0.13219050
v 0.06840879 0.00277164 0.13300229
v 0.06909700 0.00212132 0.13369050
v 0.06955684 0.00114805 0.13415034
v 0.06971832 0.00000000 0.13431182
v 0.06955684 -0.00114805 0.13415034
v 0.06909700 -0.00212132 0.13369050
v 0.06840879 -0.00277164 0.13300229
v 0.06809600 -0.00300000 0.13190400
v 0.06775138 -0.00277164 0.13080889
v 0.06745922 -0.00212132 0.12988051
v 0.06726401 -0.00114805 0.12926018
v 0.06719546 -0.00000000 0.12904235
v 0.06726401 0.00114805 0.12926018
v 0.06745922 0.00212132 0.12988051
v 0.06775138 0.00277164 0.13080889
v 0.06809600 0.00300000 0.13190400
v 0.06844062 0.00277164 0.13299911
v 0.06873278 0.00212132 0.13392749
v 0.06892799 0.00114805 0.13454782
v 0.06899654 0.00000000 0.13476565
v 0.06892799 -0.00114805 0.13454782
v 0.06873278 -0.00212132 0.13392749
v 0.06844062 -0.00277164 0.13299911
v 0.06850900 -0.00300000 0.13190350
v 0.06858213 -0.00277164 0.13075778
v 0.06864413 -0.00212132 0.12978649
v 0.06868555 -0.00114805 0.12913749
v 0.06870010 -0.00000000 0.12890959
v 0.06868555 0.00114805 0.12913749
v 0.06864413 0.00212132 0.12978649
v 0.06858213 0.00277164 0.13075778
v 0.06850900 0.00300000 0.13190350
v 0.06843587 0.00277164 0.13304922
v 0.06837387 0.00212132 0.13402051
v 0.06833245 0.00114805 0.13466951
v 0.06831790 0.00000000 0.13489741
v 0.06833245 -0.00114805 0.13466951
v 0.06837387 -0.00212132 0.13402051
v 0.06843587 -0.00277164 0.13304922
v 0.06884800 -0.00300000 0.13195200
v 0.06868022 -0.00277164 0.13081628
v 0.06853799 -0.00212132 0.12985345
v 0.06844295 -0.00114805 0.12921012
v 0.06840958 -0.00000000 0.12898421
v 0.06844295 0.00114805 0.12921012
v 0.06853799 0.00212132 0.12985345
v 0.06868022 0.00277164 0.13081628
v 0.06884800 0.00300000 0.13195200
v 0.06901578 0.00277164 0.13308772
v 0.06915801 0.00212132 0.13405055
v 0.06925305 0.00114805 0.13469388
v 0.06928642 0.00000000 0.13491979
v 0.06925305 -0.00114805 0.13469388
v 0.06915801 -0.00212132 0.13405055
v 0.06901578 -0.00277164 0.13308772
v 0.06912500 -0.00300000 0.13181250
v 0.06819151 -0.00277164 0.13114421
v 0.06740014 -0.00212132 0.13057765
v 0.06687136 -0.00114805 0.13019910
v 0.06668567 -0.00000000 0.13006616
v 0.06687136 0.00114805 0.13019910
v 0.06740014 0.00212132 0.13057765
v 0.06819151 0.00277164 0.13114421
v 0.06912500 0.00300000 0.13181250
v 0.07005849 0.00277164 0.13248079
v 0.07084986 0.00212132 0.13304735
v 0.07137864 0.00114805 0.13342590
v 0.07156433 0.00000000 0.13355884
v 0.07137864 -0.00114805 0.13342590
v 0.07084986 -0.00212132 0.13304735
v 0.07005849 -0.00277164 0.13248079
v 0.06935200 -0.00300000 0.13124800
v 0.06823372 -0.00277164 0.13098825
v 0.06728569 -0.00212132 0.13076805
v 0.06665223 -0.00114805 0.13062092
v 0.06642979 -0.00000000 0.13056925
v 0.06665223 0.00114805 0.13062092
v 0.06728569 0.00212132 0.13076805
v 0.06823372 0.00277164 0.13098825
v 0.06935200 0.00300000 0.13124800
v 0.07047028 0.00277164 0.13150775
v 0.07141831 0.00212132 0.13172795
v 0.07205177 0.00114805 0.13187508
v 0.07227421 0.00000000 0.13192675
v 0.07205177 -0.00114805 0.13187508
v 0.07141831 -0.00212132 0.13172795
v 0.07047028 -0.00277164 0.13150775
v 0.06954100 -0.00300000 0.13002150
v 0.06839923 -0.00277164 0.12990160
v 0.06743128 -0.00212132 0.12979995
v 0.06678452 -0.00114805 0.12973204
v 0.06655741 -0.00000000 0.12970819
v 0.06678452 0.00114805 0.12973204
v 0.06743128 0.00212132 0.12979995
v 0.06839923 0.00277164 0.12990160
v 0.06954100 0.00300000 0.13002150
v 0.07068277 0.00277164 0.13014140
v 0.07165072 0.00212132 0.13024305
v 0.07229748 0.00114805 0.13031096
v 0.07252459 0.00000000 0.13033481
v 0.07229748 -0.00114805 0.13031096
v 0.07165072 -0.00212132 0.13024305
v 0.07068277 -0.00277164 0.13014140
v 0.07269898 0.00000000 0.12806946
v 0.07247100 -0.00114805 0.12805626
v 0.07182177 -0.00212132 0.12801866
v 0.07085013 -0.00277164 0.12796238
v 0.06970400 -0.00300000 0.12789600
v 0.06855787 -0.00277164 0.12782962
v 0.06758623 -0.00212132 0.12777334
v 0.06693700 -0.00114805 0.12773574
v 0.06670902 -0.00000000 0.12772254
v 0.06693700 0.00114805 0.12773574
v 0.06758623 0.00212132 0.12777334
v 0.06855787 0.00277164 0.12782962
v 0.06970400 0.00300000 0.12789600
v 0.07085013 0.00277164 0.12796238
v 0.07182177 0.00212132 0.12801866
v 0.07247100 0.00114805 0.12805626
v 0.07285089 0.00000000 0.12474688
v 0.07262269 -0.00114805 0.12473833
v 0.07197283 -0.00212132 0.12471397
v 0.07100024 -0.00277164 0.12467751
v 0.06985300 -0.00300000 0.12463450
v 0.06870576 -0.00277164 0.12459149
v 0.06773317 -0.00212132 0.12455503
v 0.06708331 -0.00114805 0.12453067
v 0.06685511 -0.00000000 0.12452212
v 0.06708331 0.00114805 0.12453067
v 0.06773317 0.00212132 0.12455503
v 0.06870576 0.00277164 0.12459149
v 0.06985300 0.00300000 0.12463450
v 0.07100024 0.00277164 0.12467751
v 0.07197283 0.00212132 0.12471397
v 0.07262269 0.00114805 0.12473833
v 0.07299908 0.00000000 0.12007442
v 0.07277079 -0.00114805 0.12006876
v 0.07212067 -0.00212132 0.12005263
v 0.07114770 -0.00277164 0.12002848
v 0.07000000 -0.00300000 0.12000000
v 0.06885230 -0.00277164 0.11997152
v 0.06787933 -0.00212132 0.11994737
v 0.06722921 -0.00114805 0.11993124
v 0.06700092 -0.00000000 0.11992558
v 0.06722921 0.00114805 0.11993124
v 0.06787933 0.00212132 0.11994737
v 0.06885230 0.00277164 0.11997152
v 0.07000000 0.00300000 0.12000000
v 0.07114770 0.00277164 0.12002848
v 0.07212067 0.00212132 0.12005263
v 0.07277079 0.00114805 0.12006876
v 0.07313017 0.00000000 0.11349660
v 0.07290183 -0.00114805 0.11349321
v 0.07225159 -0.00212132 0.11348354
v 0.07127842 -0.00277164 0.11346907
v 0.07013050 -0.00300000 0.11345200
v 0.06898258 -0.00277164 0.11343493
v 0.06800941 -0.00212132 0.11342046
v 0.06735917 -0.00114805 0.11341079
v 0.06713083 -0.00000000 0.11340740
v 0.06735917 0.00114805 0.11341079
v 0.06800941 0.00212132 0.11342046
v 0.06898258 0.00277164 0.11343493
v 0.07013050 0.00300000 0.11345200
v 0.07127842 0.00277164 0.11346907
v 0.07225159 0.00212132 0.11348354
v 0.07290183 0.00114805 0.11349321
v 0.07322390 0.00000000 0.10496080
v 0.07299554 -0.00114805 0.10495891
v 0.07234525 -0.00212132 0.10495354
v 0.07137201 -0.00277164 0.10494549
v 0.07022400 -0.00300000 0.10493600
v 0.06907599 -0.00277164 0.10492651
v 0.06810275 -0.00212132 0.10491846
v 0.06745246 -0.00114805 0.10491309
v 0.06722410 -0.00000000 0.10491120
v 0.06745246 0.00114805 0.10491309
v 0.06810275 0.00212132 0.10491846
v 0.06907599 0.00277164 0.10492651
v 0.07022400 0.00300000 0.10493600
v 0.07137201 0.00277164 0.10494549
v 0.07234525 0.00212132 0.10495354
v 0.07299554 0.00114805 0.10495891
v 0.07328347 0.00000000 0.09495659
v 0.07305511 -0.00114805 0.09495563
v 0.07240480 -0.00212132 0.09495290
v 0.07143154 -0.00277164 0.09494882
v 0.07028350 -0.00300000 0.09494400
v 0.06913546 -0.00277164 0.09493918
v 0.06816220 -0.00212132 0.09493510
v 0.06751189 -0.00114805 0.09493237
v 0.06728353 -0.00000000 0.09493141
v 0.06751189 0.00114805 0.09493237
v 0.06816220 0.00212132 0.09493510
v 0.06913546 0.00277164 0.09493918
v 0.07028350 0.00300000 0.09494400
v 0.07143154 0.00277164 0.09494882
v 0.07240480 0.00212132 0.09495290
v 0.07305511 0.00114805 0.09495563
v 0.07331200 0.00000000 0.08397188
v 0.07308364 -0.00114805 0.08397158
v 0.07243332 -0.00212132 0.08397074
v 0.07146005 -0.00277164 0.08396948
v 0.07031200 -0.00300000 0.08396800
v 0.06916395 -0.00277164 0.08396652
v 0.06819068 -0.00212132 0.08396526
v 0.06754036 -0.00114805 0.08396442
v 0.06731200 -0.00000000 0.08396412
v 0.06754036 0.00114805 0.08396442
v 0.06819068 0.00212132 0.08396526
v 0.06916395 0.00277164 0.08396652
v 0.07031200 0.00300000 0.08396800
v 0.07146005 0.00277164 0.08396948
v 0.07243332 0.00212132 0.08397074
v 0.07308364 0.00114805 0.08397158
v 0.07331250 0.00000000 0.07249686
v 0.07308414 -0.00114805 0.07249710
v 0.07243382 -0.00212132 0.07249778
v 0.07146055 -0.00277164 0.07249880
v 0.07031250 -0.00300000 0.07250000
v 0.06916445 -0.00277164 0.07250120
v 0.06819118 -0.00212132 0.07250222
v 0.06754086 -0.00114805 0.07250290
v 0.06731250 -0.00000000 0.07250314
v 0.06754086 0.00114805 0.07250290
v 0.06819118 0.00212132 0.07250222
v 0.06916445 0.00277164 0.07250120
v 0.07031250 0.00300000 0.07250000
v 0.07146055 0.00277164 0.07249880
v 0.07243382 0.00212132 0.07249778
v 0.07308414 0.00114805 0.07249710
v 0.07328798 0.00000000 0.06102251
v 0.07305962 -0.00114805 0.06102323
v 0.07240931 -0.00212132 0.06102529
v 0.07143604 -0.00277164 0.06102837
v 0.07028800 -0.00300000 0.06103200
v 0.06913996 -0.00277164 0.06103563
v 0.06816669 -0.00212132 0.06103871
v 0.06751638 -0.00114805 0.06104077
v 0.06728802 -0.00000000 0.06104149
v 0.06751638 0.00114805 0.06104077
v 0.06816669 0.00212132 0.06103871
v 0.06913996 0.00277164 0.06103563
v 0.07028800 0.00300000 0.06103200
v 0.07143604 0.00277164 0.06102837
v 0.07240931 0.00212132 0.06102529
v 0.07305962 0.00114805 0.06102323
v 0.07324146 0.00000000 0.05003998
v 0.07301310 -0.00114805 0.05004120
v 0.07236279 -0.00212132 0.05004467
v 0.07138953 -0.00277164 0.05004987
v 0.07024150 -0.00300000 0.05005600
v 0.06909347 -0.00277164 0.05006213
v 0.06812021 -0.00212132 0.05006733
v 0.06746990 -0.00114805 0.05007080
v 0.06724154 -0.00000000 0.05007202
v 0.06746990 0.00114805 0.05007080
v 0.06812021 0.00212132 0.05006733
v 0.06909347 0.00277164 0.05006213
v 0.07024150 0.00300000 0.05005600
v 0.07138953 0.00277164 0.05004987
v 0.07236279 0.00212132 0.05004467
v 0.07301310 0.00114805 0.05004120
v 0.07317591 0.00000000 0.04004017
v 0.07294755 -0.00114805 0.04004199
v 0.07229725 -0.00212132 0.04004715
v 0.07132401 -0.00277164 0.04005488
v 0.07017600 -0.00300000 0.04006400
v 0.06902799 -0.00277164 0.04007312
v 0.06805475 -0.00212132 0.04008085
v 0.06740445 -0.00114805 0.04008601
v 0.06717609 -0.00000000 0.04008783
v 0.06740445 0.00114805 0.04008601
v 0.06805475 0.00212132 0.04008085
v 0.06902799 0.00277164 0.04007312
v 0.07017600 0.00300000 0.04006400
v 0.07132401 0.00277164 0.04005488
v 0.07229725 0.00212132 0.04004715
v 0.07294755 0.00114805 0.04004199
v 0.07309430 0.00000000 0.03151295
v 0.07286595 -0.00114805 0.03151562
v 0.07221568 -0.00212132 0.03152322
v 0.07124247 -0.00277164 0.03153459
v 0.07009450 -0.00300000 0.03154800
v 0.06894653 -0.00277164 0.03156141
v 0.06797332 -0.00212132 0.03157278
v 0.06732305 -0.00114805 0.03158038
v 0.06709470 -0.00000000 0.03158305
v 0.06732305 0.00114805 0.03158038
v 0.06797332 0.00212132 0.03157278
v 0.06894653 0.00277164 0.03156141
v 0.07009450 0.00300000 0.03154800
v 0.07124247 0.00277164 0.03153459
v 0.07221568 0.00212132 0.03152322
v 0.07286595 0.00114805 0.03151562
v 0.07299960 0.00000000 0.02495120
v 0.07277127 -0.00114805 0.02495491
v 0.07212104 -0.00212132 0.02496549
v 0.07114790 -0.00277164 0.02498132
v 0.07000000 -0.00300000 0.02500000
v 0.06885210 -0.00277164 0.02501868
v 0.06787896 -0.00212132 0.02503451
v 0.06722873 -0.00114805 0.02504509
v 0.06700040 -0.00000000 0.02504880
v 0.06722873 0.00114805 0.02504509
v 0.06787896 0.00212132 0.02503451
v 0.06885210 0.00277164 0.02501868
v 0.07000000 0.00300000 0.02500000
v 0.07114790 0.00277164 0.02498132
v 0.07212104 0.00212132 0.02496549
v 0.07277127 0.00114805 0.02495491
v 0.07291189 0.00000000 0.02030035
v 0.07268357 -0.00114805 0.02030496
v 0.07203339 -0.00212132 0.02031811
v 0.07106032 -0.00277164 0.02033779
v 0.06991250 -0.00300000 0.02036100
v 0.06876468 -0.00277164 0.02038421
v 0.06779161 -0.00212132 0.02040389
v 0.06714143 -0.00114805 0.02041704
v 0.06691311 -0.00000000 0.02042165
v 0.06714143 0.00114805 0.02041704
v 0.06779161 0.00212132 0.02040389
v 0.06876468 0.00277164 0.02038421
v 0.06991250 0.00300000 0.02036100
v 0.07106032 0.00277164 0.02033779
v 0.07203339 0.00212132 0.02031811
v 0.07268357 0.00114805 0.02030496
v 0.07283892 0.00000000 0.01700768
v 0.07261065 -0.00114805 0.01701380
v 0.07196056 -0.00212132 0.01703121
v 0.07098764 -0.00277164 0.01705726
v 0.06984000 -0.00300000 0.01708800
v 0.06869236 -0.00277164 0.01711874
v 0.06771944 -0.00212132 0.01714479
v 0.06706935 -0.00114805 0.01716220
v 0.06684108 -0.00000000 0.01716832
v 0.06706935 0.00114805 0.01716220
v 0.06771944 0.00212132 0.01714479
v 0.06869236 0.00277164 0.01711874
v 0.06984000 0.00300000 0.01708800
v 0.07098764 0.00277164 0.01705726
v 0.07196056 0.00212132 0.01703121
v 0.07261065 0.00114805 0.01701380
v 0.07276415 0.00000000 0.01480531
v 0.07253605 -0.00114805 0.01481610
v 0.07188645 -0.00212132 0.01484681
v 0.07091427 -0.00277164 0.01489278
v 0.06976750 -0.00300000 0.01494700
v 0.06862073 -0.00277164 0.01500122
v 0.06764855 -0.00212132 0.01504719
v 0.06699895 -0.00114805 0.01507790
v 0.06677085 -0.00000000 0.01508869
v 0.06699895 0.00114805 0.01507790
v 0.06764855 0.00212132 0.01504719
v 0.06862073 0.00277164 0.01500122
v 0.06976750 0.00300000 0.01494700
v 0.07091427 0.00277164 0.01489278
v 0.07188645 0.00212132 0.01484681
v 0.07253605 0.00114805 0.01481610
v 0.06968000 0.00300000 0.01370400
v 0.07082085 0.00277164 0.01357564
v 0.07178802 0.00212132 0.01346682
v 0.07243426 0.00114805 0.01339411
v 0.07266119 0.00000000 0.01336858
v 0.07243426 -0.00114805 0.01339411
v 0.07178802 -0.00212132 0.01346682
v 0.07082085 -0.00277164 0.01357564
v 0.06968000 -0.00300000 0.01370400
v 0.06853915 -0.00277164 0.01383236
v 0.06757198 -0.00212132 0.01394118
v 0.06692574 -0.00114805 0.01401389
v 0.06669881 -0.00000000 0.01403942
v 0.06692574 0.00114805 0.01401389
v 0.06757198 0.00212132 0.01394118
v 0.06853915 0.00277164 0.01383236
v 0.06956250 0.00300000 0.01312500
v 0.07063403 0.00277164 0.01271287
v 0.07154243 0.00212132 0.01236349
v 0.07214940 0.00114805 0.01213004
v 0.07236254 0.00000000 0.01204806
v 0.07214940 -0.00114805 0.01213004
v 0.07154243 -0.00212132 0.01236349
v 0.07063403 -0.00277164 0.01271287
v 0.06956250 -0.00300000 0.01312500
v 0.06849097 -0.00277164 0.01353713
v 0.06758257 -0.00212132 0.01388651
v 0.06697560 -0.00114805 0.01411996
v 0.06676246 -0.00000000 0.01420194
v 0.06697560 0.00114805 0.01411996
v 0.06758257 0.00212132 0.01388651
v 0.06849097 0.00277164 0.01353713
v 0.06940000 0.00300000 0.01297600
v 0.06969402 0.00277164 0.01186624
v 0.06994327 0.00212132 0.01092542
v 0.07010982 0.00114805 0.01029679
v 0.07016830 0.00000000 0.01007605
v 0.07010982 -0.00114805 0.01029679
v 0.06994327 -0.00212132 0.01092542
v 0.06969402 -0.00277164 0.01186624
v 0.06940000 -0.00300000 0.01297600
v 0.06910598 -0.00277164 0.01408576
v 0.06885673 -0.00212132 0.01502658
v 0.06869018 -0.00114805 0.01565521
v 0.06863170 -0.00000000 0.01587595
v 0.06869018 0.00114805 0.01565521
v 0.06885673 0.00212132 0.01502658
v 0.06910598 0.00277164 0.01408576
v 0.06917750 0.00300000 0.01302300
v 0.06905457 0.00277164 0.01188155
v 0.06895036 0.00212132 0.01091387
v 0.06888073 0.00114805 0.01026730
v 0.06885628 0.00000000 0.01004025
v 0.06888073 -0.00114805 0.01026730
v 0.06895036 -0.00212132 0.01091387
v 0.06905457 -0.00277164 0.01188155
v 0.06917750 -0.00300000 0.01302300
v 0.06930043 -0.00277164 0.01416445
v 0.06940464 -0.00212132 0.01513213
v 0.06947427 -0.00114805 0.01577870
v 0.06949872 -0.00000000 0.01600575
v 0.06947427 0.00114805 0.01577870
v 0.06940464 0.00212132 0.01513213
v 0.06930043 0.00277164 0.01416445
v 0.06888000 0.00300000 0.01303200
v 0.06927914 0.00277164 0.01195557
v 0.06961752 0.00212132 0.01104301
v 0.06984362 0.00114805 0.01043327
v 0.06992301 0.00000000 0.01021915
v 0.06984362 -0.00114805 0.01043327
v 0.06961752 -0.00212132 0.01104301
v 0.06927914 -0.00277164 0.01195557
v 0.06888000 -0.00300000 0.01303200
v 0.06848086 -0.00277164 0.01410843
v 0.06814248 -0.00212132 0.01502099
v 0.06791638 -0.00114805 0.01563073
v 0.06783699 -0.00000000 0.01584485
v 0.06791638 0.00114805 0.01563073
v 0.06814248 0.00212132 0.01502099
v 0.06848086 0.00277164 0.01410843
v 0.06849250 0.00300000 0.01276900
v 0.06936607 0.00277164 0.01202409
v 0.07010665 0.00212132 0.01139259
v 0.07060149 0.00114805 0.01097063
v 0.07077526 0.00000000 0.01082246
v 0.07060149 -0.00114805 0.01097063
v 0.07010665 -0.00212132 0.01139259
v 0.06936607 -0.00277164 0.01202409
v 0.06849250 -0.00300000 0.01276900
v 0.06761893 -0.00277164 0.01351391
v 0.06687835 -0.00212132 0.01414541
v 0.06638351 -0.00114805 0.01456737
v 0.06620974 -0.00000000 0.01471554
v 0.06638351 0.00114805 0.01456737
v 0.06687835 0.00212132 0.01414541
v 0.06761893 0.00277164 0.01351391
v 0.06800000 0.00300000 0.01200000
v 0.06898895 0.00277164 0.01141690
v 0.06982734 0.00212132 0.01092258
v 0.07038753 0.00114805 0.01059228
v 0.07058425 0.00000000 0.01047630
v 0.07038753 -0.00114805 0.01059228
v 0.06982734 -0.00212132 0.01092258
v 0.06898895 -0.00277164 0.01141690
v 0.06800000 -0.00300000 0.01200000
v 0.06701105 -0.00277164 0.01258310
v 0.06617266 -0.00212132 0.01307742
v 0.06561247 -0.00114805 0.01340772
v 0.06541575 -0.00000000 0.01352370
v 0.06561247 0.00114805 0.01340772
v 0.06617266 0.00212132 0.01307742
v 0.06701105 0.00277164 0.01258310
v 0.06739700 0.00300000 0.01091100
v 0.06837886 0.00277164 0.01031604
v 0.06921124 0.00212132 0.00981167
v 0.06976742 0.00114805 0.00947465
v 0.06996272 0.00000000 0.00935631
v 0.06976742 -0.00114805 0.00947465
v 0.06921124 -0.00212132 0.00981167
v 0.06837886 -0.00277164 0.01031604
v 0.06739700 -0.00300000 0.01091100
v 0.06641514 -0.00277164 0.01150596
v 0.06558276 -0.00212132 0.01201033
v 0.06502658 -0.00114805 0.01234735
v 0.06483128 -0.00000000 0.01246569
v 0.06502658 0.00114805 0.01234735
v 0.06558276 0.00212132 0.01201033
v 0.06641514 0.00277164 0.01150596
v 0.06669600 0.00300000 0.00984800
v 0.06763183 0.00277164 0.00918299
v 0.06842520 0.00212132 0.00861923
v 0.06895531 0.00114805 0.00824253
v 0.06914145 0.00000000 0.00811026
v 0.06895531 -0.00114805 0.00824253
v 0.06842520 -0.00212132 0.00861923
v 0.06763183 -0.00277164 0.00918299
v 0.06669600 -0.00300000 0.00984800
v 0.06576017 -0.00277164 0.01051301
v 0.06496680 -0.00212132 0.01107677
v 0.06443669 -0.00114805 0.01145347
v 0.06425055 -0.00000000 0.01158574
v 0.06443669 0.00114805 0.01145347
v 0.06496680 0.00212132 0.01107677
v 0.06576017 0.00277164 0.01051301
v 0.06590900 0.00300000 0.00881700
v 0.06679926 0.00277164 0.00809212
v 0.06755399 0.00212132 0.00747760
v 0.06805829 0.00114805 0.00706699
v 0.06823537 0.00000000 0.00692280
v 0.06805829 -0.00114805 0.00706699
v 0.06755399 -0.00212132 0.00747760
v 0.06679926 -0.00277164 0.00809212
v 0.06590900 -0.00300000 0.00881700
v 0.06501874 -0.00277164 0.00954188
v 0.06426401 -0.00212132 0.01015640
v 0.06375971 -0.00114805 0.01056701
v 0.06358263 -0.00000000 0.01071120
v 0.06375971 0.00114805 0.01056701
v 0.06426401 0.00212132 0.01015640
v 0.06501874 0.00277164 0.00954188
v 0.06504800 0.00300000 0.00782400
v 0.06589346 0.00277164 0.00704733
v 0.06661020 0.00212132 0.00638890
v 0.06708912 0.00114805 0.00594895
v 0.06725729 0.00000000 0.00579446
v 0.06708912 -0.00114805 0.00594895
v 0.06661020 -0.00212132 0.00638890
v 0.06589346 -0.00277164 0.00704733
v 0.06504800 -0.00300000 0.00782400
v 0.06420254 -0.00277164 0.00860067
v 0.06348580 -0.00212132 0.00925910
v 0.06300688 -0.00114805 0.00969905
v 0.06283871 -0.00000000 0.00985354
v 0.06300688 0.00114805 0.00969905
v 0.06348580 0.00212132 0.00925910
v 0.06420254 0.00277164 0.00860067
v 0.06412500 0.00300000 0.00687500
v 0.06492632 0.00277164 0.00605287
v 0.06560565 0.00212132 0.00535589
v 0.06605956 0.00114805 0.00489019
v 0.06621895 0.00000000 0.00472666
v 0.06605956 -0.00114805 0.00489019
v 0.06560565 -0.00212132 0.00535589
v 0.06492632 -0.00277164 0.00605287
v 0.06412500 -0.00300000 0.00687500
v 0.06332368 -0.00277164 0.00769713
v 0.06264435 -0.00212132 0.00839411
v 0.06219044 -0.00114805 0.00885981
v 0.06203105 -0.00000000 0.00902334
v 0.06219044 0.00114805 0.00885981
v 0.06264435 0.00212132 0.00839411
v 0.06332368 0.00277164 0.00769713
v 0.06315200 0.00300000 0.00597600
v 0.06390947 0.00277164 0.00511330
v 0.06455163 0.00212132 0.00438194
v 0.06498070 0.00114805 0.00389325
v 0.06513137 0.00000000 0.00372165
v 0.06498070 -0.00114805 0.00389325
v 0.06455163 -0.00212132 0.00438194
v 0.06390947 -0.00277164 0.00511330
v 0.06315200 -0.00300000 0.00597600
v 0.06239453 -0.00277164 0.00683870
v 0.06175237 -0.00212132 0.00757006
v 0.06132330 -0.00114805 0.00805875
v 0.06117263 -0.00000000 0.00823035
v 0.06132330 0.00114805 0.00805875
v 0.06175237 0.00212132 0.00757006
v 0.06239453 0.00277164 0.00683870
v 0.06214100 0.00300000 0.00513300
v 0.06285432 0.00277164 0.00423345
v 0.06345904 0.00212132 0.00347084
v 0.06386310 0.00114805 0.00296129
v 0.06400499 0.00000000 0.00278235
v 0.06386310 -0.00114805 0.00296129
v 0.06345904 -0.00212132 0.00347084
v 0.06285432 -0.00277164 0.00423345
v 0.06214100 -0.00300000 0.00513300
v 0.06142768 -0.00277164 0.00603255
v 0.06082296 -0.00212132 0.00679516
v 0.06041890 -0.00114805 0.00730471
v 0.06027701 -0.00000000 0.00748365
v 0.06041890 0.00114805 0.00730471
v 0.06082296 0.00212132 0.00679516
v 0.06142768 0.00277164 0.00603255
v 0.06110400 0.00300000 0.00435200
v 0.06177205 0.00277164 0.00341834
v 0.06233840 0.00212132 0.00262682
v 0.06271682 0.00114805 0.00209794
v 0.06284970 0.00000000 0.00191222
v 0.06271682 -0.00114805 0.00209794
v 0.06233840 -0.00212132 0.00262682
v 0.06177205 -0.00277164 0.00341834
v 0.06110400 -0.00300000 0.00435200
v 0.06043595 -0.00277164 0.00528566
v 0.05986960 -0.00212132 0.00607718
v 0.05949118 -0.00114805 0.00660606
v 0.05935830 -0.00000000 0.00679178
v 0.05949118 0.00114805 0.00660606
v 0.05986960 0.00212132 0.00607718
v 0.06043595 0.00277164 0.00528566
v 0.06005300 0.00300000 0.00363900
v 0.06067363 0.00277164 0.00267317
v 0.06119978 0.00212132 0.00185437
v 0.06155134 0.00114805 0.00130727
v 0.06167479 0.00000000 0.00111515
v 0.06155134 -0.00114805 0.00130727
v 0.06119978 -0.00212132 0.00185437
v 0.06067363 -0.00277164 0.00267317
v 0.06005300 -0.00300000 0.00363900
v 0.05943237 -0.00277164 0.00460483
v 0.05890622 -0.00212132 0.00542363
v 0.05855466 -0.00114805 0.00597073
v 0.05843121 -0.00000000 0.00616285
v 0.05855466 0.00114805 0.00597073
v 0.05890622 0.00212132 0.00542363
v 0.05943237 0.00277164 0.00460483
v 0.05900000 0.00300000 0.00300000
v 0.05957541 0.00277164 0.00200656
v 0.06006323 0.00212132 0.00116437
v 0.06038917 0.00114805 0.00060163
v 0.06050363 0.00000000 0.00040402
v 0.06038917 -0.00114805 0.00060163
v 0.06006323 -0.00212132 0.00116437
v 0.05957541 -0.00277164 0.00200656
v 0.05900000 -0.00300000 0.00300000
v 0.05842459 -0.00277164 0.00399344
v 0.05793677 -0.00212132 0.00483563
v 0.05761083 -0.00114805 0.00539837
v 0.05749637 -0.00000000 0.00559598
v 0.05761083 0.00114805 0.00539837
v 0.05793677 0.00212132 0.00483563
v 0.05842459 0.00277164 0.00399344
v 0.05798900 0.00300000 0.00244350
v 0.05852217 0.00277164 0.00142676
v 0.05897416 0.00212132 0.00056482
v 0.05927618 0.00114805 -0.00001112
v 0.05938223 0.00000000 -0.00021336
v 0.05927618 -0.00114805 -0.00001112
v 0.05897416 -0.00212132 0.00056482
v 0.05852217 -0.00277164 0.00142676
v 0.05798900 -0.00300000 0.00244350
v 0.05745583 -0.00277164 0.00346024
v 0.05700384 -0.00212132 0.00432218
v 0.05670182 -0.00114805 0.00489812
v 0.05659577 -0.00000000 0.00510036
v 0.05670182 0.00114805 0.00489812
v 0.05700384 0.00212132 0.00432218
v 0.05745583 0.00277164 0.00346024
v 0.05703200 0.00300000 0.00196800
v 0.05751488 0.00277164 0.00092644
v 0.05792424 0.00212132 0.00004345
v 0.05819777 0.00114805 -0.00054655
v 0.05829382 0.00000000 -0.00075373
v 0.05819777 -0.00114805 -0.00054655
v 0.05792424 -0.00212132 0.00004345
v 0.05751488 -0.00277164 0.00092644
v 0.05703200 -0.00300000 0.00196800
v 0.05654912 -0.00277164 0.00300956
v 0.05613976 -0.00212132 0.00389255
v 0.05586623 -0.00114805 0.00448255
v 0.05577018 -0.00000000 0.00468973
v 0.05586623 0.00114805 0.00448255
v 0.05613976 0.00212132 0.00389255
v 0.05654912 0.00277164 0.00300956
v 0.05609300 0.00300000 0.00156450
v 0.05651237 0.00277164 0.00049579
v 0.05686789 0.00212132 -0.00041023
v 0.05710545 0.00114805 -0.00101560
v 0.05718886 0.00000000 -0.00122818
v 0.05710545 -0.00114805 -0.00101560
v 0.05686789 -0.00212132 -0.00041023
v 0.05651237 -0.00277164 0.00049579
v 0.05609300 -0.00300000 0.00156450
v 0.05567363 -0.00277164 0.00263321
v 0.05531811 -0.00212132 0.00353923
v 0.05508055 -0.00114805 0.00414460
v 0.05499714 -0.00000000 0.00435718
v 0.05508055 0.00114805 0.00414460
v 0.05531811 0.00212132 0.00353923
v 0.05567363 0.00277164 0.00263321
v 0.05513600 0.00300000 0.00122400
v 0.05548451 0.00277164 0.00013012
v 0.05577996 0.00212132 -0.00079722
v 0.05597737 0.00114805 -0.00141685
v 0.05604669 0.00000000 -0.00163443
v 0.05597737 -0.00114805 -0.00141685
v 0.05577996 -0.00212132 -0.00079722
v 0.05548451 -0.00277164 0.00013012
v 0.05513600 -0.00300000 0.00122400
v 0.05478749 -0.00277164 0.00231788
v 0.05449204 -0.00212132 0.00324522
v 0.05429463 -0.00114805 0.00386485
v 0.05422531 -0.00000000 0.00408243
v 0.05429463 0.00114805 0.00386485
v 0.05449204 0.00212132 0.00324522
v 0.05478749 0.00277164 0.00231788
v 0.05412500 0.00300000 0.00093750
v 0.05440344 0.00277164 -0.00017627
v 0.05463950 0.00212132 -0.00112048
v 0.05479722 0.00114805 -0.00175138
v 0.05485261 0.00000000 -0.00197293
v 0.05479722 -0.00114805 -0.00175138
v 0.05463950 -0.00212132 -0.00112048
v 0.05440344 -0.00277164 -0.00017627
v 0.05412500 -0.00300000 0.00093750
v 0.05384656 -0.00277164 0.00205127
v 0.05361050 -0.00212132 0.00299548
v 0.05345278 -0.00114805 0.00362638
v 0.05339739 -0.00000000 0.00384793
v 0.05345278 0.00114805 0.00362638
v 0.05361050 0.00212132 0.00299548
v 0.05384656 0.00277164 0.00205127
v 0.05302400 0.00300000 0.00069600
v 0.05324048 0.00277164 -0.00043145
v 0.05342401 0.00212132 -0.00138727
v 0.05354664 0.00114805 -0.00202592
v 0.05358970 0.00000000 -0.00225018
v 0.05354664 -0.00114805 -0.00202592
v 0.05342401 -0.00212132 -0.00138727
v 0.05324048 -0.00277164 -0.00043145
v 0.05302400 -0.00300000 0.00069600
v 0.05280752 -0.00277164 0.00182345
v 0.05262399 -0.00212132 0.00277927
v 0.05250136 -0.00114805 0.00341792
v 0.05245830 -0.00000000 0.00364218
v 0.05250136 0.00114805 0.00341792
v 0.05262399 0.00212132 0.00277927
v 0.05280752 0.00277164 0.00182345
v 0.05179700 0.00300000 0.00049050
v 0.05196373 0.00277164 -0.00064538
v 0.05210509 0.00212132 -0.00160833
v 0.05219953 0.00114805 -0.00225175
v 0.05223270 0.00000000 -0.00247769
v 0.05219953 -0.00114805 -0.00225175
v 0.05210509 -0.00212132 -0.00160833
v 0.05196373 -0.00277164 -0.00064538
v 0.05179700 -0.00300000 0.00049050
v 0.05163027 -0.00277164 0.00162638
v 0.05148891 -0.00212132 0.00258933
v 0.05139447 -0.00114805 0.00323275
v 0.05136130 -0.00000000 0.00345869
v 0.05139447 0.00114805 0.00323275
v 0.05148891 0.00212132 0.00258933
v 0.05163027 0.00277164 0.00162638
v 0.05040800 0.00300000 0.00031200
v 0.05053794 0.00277164 -0.00082867
v 0.05064809 0.00212132 -0.00179569
v 0.05072169 0.00114805 -0.00244183
v 0.05074754 0.00000000 -0.00266872
v 0.05072169 -0.00114805 -0.00244183
v 0.05064809 -0.00212132 -0.00179569
v 0.05053794 -0.00277164 -0.00082867
v 0.05040800 -0.00300000 0.00031200
v 0.05027806 -0.00277164 0.00145267
v 0.05016791 -0.00212132 0.00241969
v 0.05009431 -0.00114805 0.00306583
v 0.05006846 -0.00000000 0.00329272
v 0.05009431 0.00114805 0.00306583
v 0.05016791 0.00212132 0.00241969
v 0.05027806 0.00277164 0.00145267
v 0.04882100 0.00300000 0.00015150
v 0.04892567 0.00277164 -0.00099177
v 0.04901440 0.00212132 -0.00196099
v 0.04907368 0.00114805 -0.00260860
v 0.04909450 0.00000000 -0.00283601
v 0.04907368 -0.00114805 -0.00260860
v 0.04901440 -0.00212132 -0.00196099
v 0.04892567 -0.00277164 -0.00099177
v 0.04882100 -0.00300000 0.00015150
v 0.04871633 -0.00277164 0.00129477
v 0.04862760 -0.00212132 0.00226399
v 0.04856832 -0.00114805 0.00291160
v 0.04854750 -0.00000000 0.00313901
v 0.04856832 0.00114805 0.00291160
v 0.04862760 0.00212132 0.00226399
v 0.04871633 0.00277164 0.00129477
v 0.04700000 0.00300000 0.00000000
v 0.04707750 0.00277164 -0.00114543
v 0.04714320 0.00212132 -0.00211648
v 0.04718710 0.00114805 -0.00276532
v 0.04720251 0.00000000 -0.00299316
v 0.04718710 -0.00114805 -0.00276532
v 0.04714320 -0.00212132 -0.00211648
v 0.04707750 -0.00277164 -0.00114543
v 0.04700000 -0.00300000 -0.00000000
v 0.04692250 -0.00277164 0.00114543
v 0.04685680 -0.00212132 0.00211648
v 0.04681290 -0.00114805 0.00276532
v 0.04679749 -0.00000000 0.00299316
v 0.04681290 0.00114805 0.00276532
v 0.04685680 0.00212132 0.00211648
v 0.04692250 0.00277164 0.00114543
v 0.04478600 0.00300000 -0.00012150
v 0.04483121 0.00277164 -0.00126866
v 0.04486953 0.00212132 -0.00224117
v 0.04489514 0.00114805 -0.00289099
v 0.04490413 0.00000000 -0.00311917
v 0.04489514 -0.00114805 -0.00289099
v 0.04486953 -0.00212132 -0.00224117
v 0.04483121 -0.00277164 -0.00126866
v 0.04478600 -0.00300000 -0.00012150
v 0.04474079 -0.00277164 0.00102566
v 0.04470247 -0.00212132 0.00199817
v 0.04467686 -0.00114805 0.00264799
v 0.04466787 -0.00000000 0.00287617
v 0.04467686 0.00114805 0.00264799
v 0.04470247 0.00212132 0.00199817
v 0.04474079 0.00277164 0.00102566
v 0.04212800 0.00300000 -0.00019200
v 0.04214817 0.00277164 -0.00133987
v 0.04216527 0.00212132 -0.00231299
v 0.04217670 0.00114805 -0.00296321
v 0.04218071 0.00000000 -0.00319154
v 0.04217670 -0.00114805 -0.00296321
v 0.04216527 -0.00212132 -0.00231299
v 0.04214817 -0.00277164 -0.00133987
v 0.04212800 -0.00300000 -0.00019200
v 0.04210783 -0.00277164 0.00095587
v 0.04209073 -0.00212132 0.00192899
v 0.04207930 -0.00114805 0.00257921
v 0.04207529 -0.00000000 0.00280754
v 0.04207930 0.00114805 0.00257921
v 0.04209073 0.00212132 0.00192899
v 0.04210783 0.00277164 0.00095587
v 0.03915200 0.00300000 -0.00022050
v 0.03915648 0.00277164 -0.00136854
v 0.03916029 0.00212132 -0.00234180
v 0.03916283 0.00114805 -0.00299212
v 0.03916372 0.00000000 -0.00322048
v 0.03916283 -0.00114805 -0.00299212
v 0.03916029 -0.00212132 -0.00234180
v 0.03915648 -0.00277164 -0.00136854
v 0.03915200 -0.00300000 -0.00022050
v 0.03914752 -0.00277164 0.00092754
v 0.03914371 -0.00212132 0.00190080
v 0.03914117 -0.00114805 0.00255112
v 0.03914028 -0.00000000 0.00277948
v 0.03914117 0.00114805 0.00255112
v 0.03914371 0.00212132 0.00190080
v 0.03914752 0.00277164 0.00092754
v 0.03598400 0.00300000 -0.00021600
v 0.03597808 0.00277164 -0.00136404
v 0.03597307 0.00212132 -0.00233729
v 0.03596971 0.00114805 -0.00298760
v 0.03596854 0.00000000 -0.00321596
v 0.03596971 -0.00114805 -0.00298760
v 0.03597307 -0.00212132 -0.00233729
v 0.03597808 -0.00277164 -0.00136404
v 0.03598400 -0.00300000 -0.00021600
v 0.03598992 -0.00277164 0.00093204
v 0.03599493 -0.00212132 0.00190529
v 0.03599829 -0.00114805 0.00255560
v 0.03599946 -0.00000000 0.00278396
v 0.03599829 0.00114805 0.00255560
v 0.03599493 0.00212132 0.00190529
v 0.03598992 0.00277164 0.00093204
v 0.03275000 0.00300000 -0.00018750
v 0.03273710 0.00277164 -0.00133548
v 0.03272617 0.00212132 -0.00230869
v 0.03271886 0.00114805 -0.00295896
v 0.03271629 0.00000000 -0.00318731
v 0.03271886 -0.00114805 -0.00295896
v 0.03272617 -0.00212132 -0.00230869
v 0.03273710 -0.00277164 -0.00133548
v 0.03275000 -0.00300000 -0.00018750
v 0.03276290 -0.00277164 0.00096048
v 0.03277383 -0.00212132 0.00193369
v 0.03278114 -0.00114805 0.00258396
v 0.03278371 -0.00000000 0.00281231
v 0.03278114 0.00114805 0.00258396
v 0.03277383 0.00212132 0.00193369
v 0.03276290 0.00277164 0.00096048
v 0.02957600 0.00300000 -0.00014400
v 0.02955868 0.00277164 -0.00129192
v 0.02954399 0.00212132 -0.00226508
v 0.02953417 0.00114805 -0.00291532
v 0.02953073 0.00000000 -0.00314366
v 0.02953417 -0.00114805 -0.00291532
v 0.02954399 -0.00212132 -0.00226508
v 0.02955868 -0.00277164 -0.00129192
v 0.02957600 -0.00300000 -0.00014400
v 0.02959332 -0.00277164 0.00100392
v 0.02960801 -0.00212132 0.00197708
v 0.02961783 -0.00114805 0.00262732
v 0.02962127 -0.00000000 0.00285566
v 0.02961783 0.00114805 0.00262732
v 0.02960801 0.00212132 0.00197708
v 0.02959332 0.00277164 0.00100392
v 0.02658800 0.00300000 -0.00009450
v 0.02656854 0.00277164 -0.00124239
v 0.02655205 0.00212132 -0.00221552
v 0.02654103 0.00114805 -0.00286574
v 0.02653716 0.00000000 -0.00309407
v 0.02654103 -0.00114805 -0.00286574
v 0.02655205 -0.00212132 -0.00221552
v 0.02656854 -0.00277164 -0.00124239
v 0.02658800 -0.00300000 -0.00009450
v 0.02660746 -0.00277164 0.00105339
v 0.02662395 -0.00212132 0.00202652
v 0.02663497 -0.00114805 0.00267674
v 0.02663884 -0.00000000 0.00290507
v 0.02663497 0.00114805 0.00267674
v 0.02662395 0.00212132 0.00202652
v 0.02660746 0.00277164 0.00105339
v 0.02391200 0.00300000 -0.00004800
v 0.02389308 0.00277164 -0.00119589
v 0.02387704 0.00212132 -0.00216903
v 0.02386632 0.00114805 -0.00281926
v 0.02386256 0.00000000 -0.00304759
v 0.02386632 -0.00114805 -0.00281926
v 0.02387704 -0.00212132 -0.00216903
v 0.02389308 -0.00277164 -0.00119589
v 0.02391200 -0.00300000 -0.00004800
v 0.02393092 -0.00277164 0.00109989
v 0.02394696 -0.00212132 0.00207303
v 0.02395768 -0.00114805 0.00272326
v 0.02396144 -0.00000000 0.00295159
v 0.02395768 0.00114805 0.00272326
v 0.02394696 0.00212132 0.00207303
v 0.02393092 0.00277164 0.00109989
v 0.02167400 0.00300000 -0.00001350
v 0.02165991 0.00277164 -0.00116146
v 0.02164797 0.00212132 -0.00213466
v 0.02163999 0.00114805 -0.00278493
v 0.02163719 0.00000000 -0.00301327
v 0.02163999 -0.00114805 -0.00278493
v 0.02164797 -0.00212132 -0.00213466
v 0.02165991 -0.00277164 -0.00116146
v 0.02167400 -0.00300000 -0.00001350
v 0.02168809 -0.00277164 0.00113446
v 0.02170003 -0.00212132 0.00210766
v 0.02170801 -0.00114805 0.00275793
v 0.02171081 -0.00000000 0.00298627
v 0.02170801 0.00114805 0.00275793
v 0.02170003 0.00212132 0.00210766
v 0.02168809 0.00277164 0.00113446
v 0.02000000 0.00300000 0.00000000
v 0.01999074 0.00277164 -0.00114801
v 0.01998289 0.00212132 -0.00212125
v 0.01997765 0.00114805 -0.00277155
v 0.01997581 0.00000000 -0.00299990
v 0.01997765 -0.00114805 -0.00277155
v 0.01998289 -0.00212132 -0.00212125
v 0.01999074 -0.00277164 -0.00114801
v 0.02000000 -0.00300000 -0.00000000
v 0.02000926 -0.00277164 0.00114801
v 0.02001711 -0.00212132 0.00212125
v 0.02002235 -0.00114805 0.00277155
v 0.02002419 -0.00000000 0.00299990
v 0.02002235 0.00114805 0.00277155
v 0.02001711 0.00212132 0.00212125
v 0.02000926 0.00277164 0.00114801
v 0.01250000 0.00000000 0.20000000
v 0.01275556 -0.00194114 0.20000000
v 0.01350481 -0.00375000 0.20000000
v 0.01469670 -0.00530330 0.20000000
v 0.01625000 -0.00649519 0.20000000
v 0.01805886 -0.00724444 0.20000000
v 0.02000000 -0.00750000 0.20000000
v 0.02194114 -0.00724444 0.20000000
v 0.02375000 -0.00649519 0.20000000
v 0.02530330 -0.00530330 0.20000000
v 0.02649519 -0.00375000 0.20000000
v 0.02724444 -0.00194114 0.20000000
v 0.02750000 -0.00000000 0.20000000
v 0.02724444 0.00194114 0.20000000
v 0.02649519 0.00375000 0.20000000
v 0.02530330 0.00530330 0.20000000
v 0.02375000 0.00649519 0.20000000
v 0.02194114 0.00724444 0.20000000
v 0.02000000 0.00750000 0.20000000
v 0.01805886 0.00724444 0.20000000
v 0.01625000 0.00649519 0.20000000
v 0.01469670 0.00530330 0.20000000
v 0.01350481 0.00375000 0.20000000
v 0.01275556 0.00194114 0.20000000
v 0.01250000 0.00000000 0.21200000
v 0.01275556 -0.00194114 0.21200000
v 0.01350481 -0.00375000 0.21200000
v 0.01469670 -0.00530330 0.21200000
v 0.01625000 -0.00649519 0.21200000
v 0.01805886 -0.00724444 0.21200000
v 0.02000000 -0.00750000 0.21200000
v 0.02194114 -0.00724444 0.21200000
v 0.02375000 -0.00649519 0.21200000
v 0.02530330 -0.00530330 0.21200000
v 0.02649519 -0.00375000 0.21200000
v 0.02724444 -0.00194114 0.21200000
v 0.02750000 -0.00000000 0.21200000
v 0.02724444 0.00194114 0.21200000
v 0.02649519 0.00375000 0.21200000
v 0.02530330 0.00530330 0.21200000
v 0.02375000 0.00649519 0.21200000
v 0.02194114 0.00724444 0.21200000
v 0.02000000 0.00750000 0.21200000
v 0.01805886 0.00724444 0.21200000
v 0.01625000 0.00649519 0.21200000
v 0.01469670 0.00530330 0.21200000
v 0.01350481 0.00375000 0.21200000
v 0.01275556 0.00194114 0.21200000
v 0.00450000 0.00000000 0.20000000
v 0.00482370 -0.00245878 0.20000000
v 0.00577276 -0.00475000 0.20000000
v 0.00728249 -0.00671751 0.20000000
v 0.00925000 -0.00822724 0.20000000
v 0.01154122 -0.00917630 0.20000000
v 0.01400000 -0.00950000 0.20000000
v 0.01645878 -0.00917630 0.20000000
v 0.01875000 -0.00822724 0.20000000
v 0.02071751 -0.00671751 0.20000000
v 0.02222724 -0.00475000 0.20000000
v 0.02317630 -0.00245878 0.20000000
v 0.02350000 -0.00000000 0.20000000
v 0.02317630 0.00245878 0.20000000
v 0.02222724 0.00475000 0.20000000
v 0.02071751 0.00671751 0.20000000
v 0.01875000 0.00822724 0.20000000
v 0.01645878 0.00917630 0.20000000
v 0.01400000 0.00950000 0.20000000
v 0.01154122 0.00917630 0.20000000
v 0.00925000 0.00822724 0.20000000
v 0.00728249 0.00671751 0.20000000
v 0.00577276 0.00475000 0.20000000
v 0.00482370 0.00245878 0.20000000
v 0.00450000 0.00000000 0.21200000
v 0.00482370 -0.00245878 0.21200000
v 0.00577276 -0.00475000 0.21200000
v 0.00728249 -0.00671751 0.21200000
v 0.00925000 -0.00822724 0.21200000
v 0.01154122 -0.00917630 0.21200000
v 0.01400000 -0.00950000 0.21200000
v 0.01645878 -0.00917630 0.21200000
v 0.01875000 -0.00822724 0.21200000
v 0.02071751 -0.00671751 0.21200000
v 0.02222724 -0.00475000 0.21200000
v 0.02317630 -0.00245878 0.21200000
v 0.02350000 -0.00000000 0.21200000
v 0.02317630 0.00245878 0.21200000
v 0.02222724 0.00475000 0.21200000
v 0.02071751 0.00671751 0.21200000
v 0.01875000 0.00822724 0.21200000
v 0.01645878 0.00917630 0.21200000
v 0.01400000 0.00950000 0.21200000
v 0.01154122 0.00917630 0.21200000
v 0.00925000 0.00822724 0.21200000
v 0.00728249 0.00671751 0.21200000
v 0.00577276 0.00475000 0.21200000
v 0.00482370 0.00245878 0.21200000
v 0.00500000 -0.00700000 0.20000000
v 0.00500000 -0.00676148 0.19818827
v 0.00500000 -0.00606218 0.19650000
v 0.00500000 -0.00494975 0.19505025
v 0.00500000 -0.00350000 0.19393782
v 0.00500000 -0.00181173 0.19323852
v 0.00500000 -0.00000000 0.19300000
v 0.00500000 0.00181173 0.19323852
v 0.00500000 0.00350000 0.19393782
v 0.00500000 0.00494975 0.19505025
v 0.00500000 0.00606218 0.19650000
v 0.00500000 0.00676148 0.19818827
v 0.00500000 0.00700000 0.20000000
v 0.00500000 0.00676148 0.20181173
v 0.00500000 0.00606218 0.20350000
v 0.00500000 0.00494975 0.20494975
v 0.00500000 0.00350000 0.20606218
v 0.00500000 0.00181173 0.20676148
v 0.00500000 0.00000000 0.20700000
v 0.00500000 -0.00181173 0.20676148
v 0.00500000 -0.00350000 0.20606218
v 0.00500000 -0.00494975 0.20494975
v 0.00500000 -0.00606218 0.20350000
v 0.00500000 -0.00676148 0.20181173
v 0.01400000 -0.00700000 0.20000000
v 0.01400000 -0.00676148 0.19818827
v 0.01400000 -0.00606218 0.19650000
v 0.01400000 -0.00494975 0.19505025
v 0.01400000 -0.00350000 0.19393782
v 0.01400000 -0.00181173 0.19323852
v 0.01400000 -0.00000000 0.19300000
v 0.01400000 0.00181173 0.19323852
v 0.01400000 0.00350000 0.19393782
v 0.01400000 0.00494975 0.19505025
v 0.01400000 0.00606218 0.19650000
v 0.01400000 0.00676148 0.19818827
v 0.01400000 0.00700000 0.20000000
v 0.01400000 0.00676148 0.20181173
v 0.01400000 0.00606218 0.20350000
v 0.01400000 0.00494975 0.20494975
v 0.01400000 0.00350000 0.20606218
v 0.01400000 0.00181173 0.20676148
v 0.01400000 0.00000000 0.20700000
v 0.01400000 -0.00181173 0.20676148
v 0.01400000 -0.00350000 0.20606218
v 0.01400000 -0.00494975 0.20494975
v 0.01400000 -0.00606218 0.20350000
v 0.01400000 -0.00676148 0.20181173
v -0.00100000 -0.00450000 0.20000000
v -0.00100000 -0.00434667 0.19883531
v -0.00100000 -0.00389711 0.19775000
v -0.00100000 -0.00318198 0.19681802
v -0.00100000 -0.00225000 0.19610289
v -0.00100000 -0.00116469 0.19565333
v -0.00100000 -0.00000000 0.19550000
v -0.00100000 0.00116469 0.19565333
v -0.00100000 0.00225000 0.19610289
v -0.00100000 0.00318198 0.19681802
v -0.00100000 0.00389711 0.19775000
v -0.00100000 0.00434667 0.19883531
v -0.00100000 0.00450000 0.20000000
v -0.00100000 0.00434667 0.20116469
v -0.00100000 0.00389711 0.20225000
v -0.00100000 0.00318198 0.20318198
v -0.00100000 0.00225000 0.20389711
v -0.00100000 0.00116469 0.20434667
v -0.00100000 0.00000000 0.20450000
v -0.00100000 -0.00116469 0.20434667
v -0.00100000 -0.00225000 0.20389711
v -0.00100000 -0.00318198 0.20318198
v -0.00100000 -0.00389711 0.20225000
v -0.00100000 -0.00434667 0.20116469
v 0.00500000 -0.00450000 0.20000000
v 0.00500000 -0.00434667 0.19883531
v 0.00500000 -0.00389711 0.19775000
v 0.00500000 -0.00318198 0.19681802
v 0.00500000 -0.00225000 0.19610289
v 0.00500000 -0.00116469 0.19565333
v 0.00500000 -0.00000000 0.19550000
v 0.00500000 0.00116469 0.19565333
v 0.00500000 0.00225000 0.19610289
v 0.00500000 0.00318198 0.19681802
v 0.00500000 0.00389711 0.19775000
v 0.00500000 0.00434667 0.19883531
v 0.00500000 0.00450000 0.20000000
v 0.00500000 0.00434667 0.20116469
v 0.00500000 0.00389711 0.20225000
v 0.00500000 0.00318198 0.20318198
v 0.00500000 0.00225000 0.20389711
v 0.00500000 0.00116469 0.20434667
v 0.00500000 0.00000000 0.20450000
v 0.00500000 -0.00116469 0.20434667
v 0.00500000 -0.00225000 0.20389711
v 0.00500000 -0.00318198 0.20318198
v 0.00500000 -0.00389711 0.20225000
v 0.00500000 -0.00434667 0.20116469
v -0.01400000 -0.00330000 0.20000000
v -0.01400000 -0.00318756 0.19914590
v -0.01400000 -0.00285788 0.19835000
v -0.01400000 -0.00233345 0.19766655
v -0.01400000 -0.00165000 0.19714212
v -0.01400000 -0.00085410 0.19681244
v -0.01400000 -0.00000000 0.19670000
v -0.01400000 0.00085410 0.19681244
v -0.01400000 0.00165000 0.19714212
v -0.01400000 0.00233345 0.19766655
v -0.01400000 0.00285788 0.19835000
v -0.01400000 0.00318756 0.19914590
v -0.01400000 0.00330000 0.20000000
v -0.01400000 0.00318756 0.20085410
v -0.01400000 0.00285788 0.20165000
v -0.01400000 0.00233345 0.20233345
v -0.01400000 0.00165000 0.20285788
v -0.01400000 0.00085410 0.20318756
v -0.01400000 0.00000000 0.20330000
v -0.01400000 -0.00085410 0.20318756
v -0.01400000 -0.00165000 0.20285788
v -0.01400000 -0.00233345 0.20233345
v -0.01400000 -0.00285788 0.20165000
v -0.01400000 -0.00318756 0.20085410
v -0.00100000 -0.00330000 0.20000000
v -0.00100000 -0.00318756 0.19914590
v -0.00100000 -0.00285788 0.19835000
v -0.00100000 -0.00233345 0.19766655
v -0.00100000 -0.00165000 0.19714212
v -0.00100000 -0.00085410 0.19681244
v -0.00100000 -0.00000000 0.19670000
v -0.00100000 0.00085410 0.19681244
v -0.00100000 0.00165000 0.19714212
v -0.00100000 0.00233345 0.19766655
v -0.00100000 0.00285788 0.19835000
v -0.00100000 0.00318756 0.19914590
v -0.00100000 0.00330000 0.20000000
v -0.00100000 0.00318756 0.20085410
v -0.00100000 0.00285788 0.20165000
v -0.00100000 0.00233345 0.20233345
v -0.00100000 0.00165000 0.20285788
v -0.00100000 0.00085410 0.20318756
v -0.00100000 0.00000000 0.20330000
v -0.00100000 -0.00085410 0.20318756
v -0.00100000 -0.00165000 0.20285788
v -0.00100000 -0.00233345 0.20233345
v -0.00100000 -0.00285788 0.20165000
v -0.00100000 -0.00318756 0.20085410
v -0.03000000 -0.00230000 0.20000000
v -0.03000000 -0.00222163 0.19940472
v -0.03000000 -0.00199186 0.19885000
v -0.03000000 -0.00162635 0.19837365
v -0.03000000 -0.00115000 0.19800814
v -0.03000000 -0.00059528 0.19777837
v -0.03000000 -0.00000000 0.19770000
v -0.03000000 0.00059528 0.19777837
v -0.03000000 0.00115000 0.19800814
v -0.03000000 0.00162635 0.19837365
v -0.03000000 0.00199186 0.19885000
v -0.03000000 0.00222163 0.19940472
v -0.03000000 0.00230000 0.20000000
v -0.03000000 0.00222163 0.20059528
v -0.03000000 0.00199186 0.20115000
v -0.03000000 0.00162635 0.20162635
v -0.03000000 0.00115000 0.20199186
v -0.03000000 0.00059528 0.20222163
v -0.03000000 0.00000000 0.20230000
v -0.03000000 -0.00059528 0.20222163
v -0.03000000 -0.00115000 0.20199186
v -0.03000000 -0.00162635 0.20162635
v -0.03000000 -0.00199186 0.20115000
v -0.03000000 -0.00222163 0.20059528
v -0.01400000 -0.00230000 0.20000000
v -0.01400000 -0.00222163 0.19940472
v -0.01400000 -0.00199186 0.19885000
v -0.01400000 -0.00162635 0.19837365
v -0.01400000 -0.00115000 0.19800814
v -0.01400000 -0.00059528 0.19777837
v -0.01400000 -0.00000000 0.19770000
v -0.01400000 0.00059528 0.19777837
v -0.01400000 0.00115000 0.19800814
v -0.01400000 0.00162635 0.19837365
v -0.01400000 0.00199186 0.19885000
v -0.01400000 0.00222163 0.19940472
v -0.01400000 0.00230000 0.20000000
v -0.01400000 0.00222163 0.20059528
v -0.01400000 0.00199186 0.20115000
v -0.01400000 0.00162635 0.20162635
v -0.01400000 0.00115000 0.20199186
v -0.01400000 0.00059528 0.20222163
v -0.01400000 0.00000000 0.20230000
v -0.01400000 -0.00059528 0.20222163
v -0.01400000 -0.00115000 0.20199186
v -0.01400000 -0.00162635 0.20162635
v -0.01400000 -0.00199186 0.20115000
v -0.01400000 -0.00222163 0.20059528
v -0.02989742 0.00186185 0.20000000
v -0.02992747 0.00199018 0.19968180
v -0.03000000 0.00230000 0.19955000
v -0.03007253 0.00260982 0.19968180
v -0.03010258 0.00273815 0.20000000
v -0.03007253 0.00260982 0.20031820
v -0.03000000 0.00230000 0.20045000
v -0.02992747 0.00199018 0.20031820
v -0.02889930 0.00209552 0.20000000
v -0.02892879 0.00222398 0.19968180
v -0.02900000 0.00253411 0.19955000
v -0.02907121 0.00284424 0.19968180
v -0.02910070 0.00297270 0.20000000
v -0.02907121 0.00284424 0.20031820
v -0.02900000 0.00253411 0.20045000
v -0.02892879 0.00222398 0.20031820
v -0.02790487 0.00231939 0.20000000
v -0.02793273 0.00244821 0.19968180
v -0.02800000 0.00275922 0.19955000
v -0.02806727 0.00307023 0.19968180
v -0.02809513 0.00319905 0.20000000
v -0.02806727 0.00307023 0.20031820
v -0.02800000 0.00275922 0.20045000
v -0.02793273 0.00244821 0.20031820
v -0.02691402 0.00252497 0.20000000
v -0.02693920 0.00265435 0.19968180
v -0.02700000 0.00296668 0.19955000
v -0.02706080 0.00327902 0.19968180
v -0.02708598 0.00340839 0.20000000
v -0.02706080 0.00327902 0.20031820
v -0.02700000 0.00296668 0.20045000
v -0.02693920 0.00265435 0.20031820
v -0.02592651 0.00270457 0.20000000
v -0.02594803 0.00283460 0.19968180
v -0.02600000 0.00314853 0.19955000
v -0.02605197 0.00346245 0.19968180
v -0.02607349 0.00359249 0.20000000
v -0.02605197 0.00346245 0.20031820
v -0.02600000 0.00314853 0.20045000
v -0.02594803 0.00283460 0.20031820
v -0.02494196 0.00285152 0.20000000
v -0.02495896 0.00298222 0.19968180
v -0.02500000 0.00329776 0.19955000
v -0.02504104 0.00361330 0.19968180
v -0.02505804 0.00374400 0.20000000
v -0.02504104 0.00361330 0.20031820
v -0.02500000 0.00329776 0.20045000
v -0.02495896 0.00298222 0.20031820
v -0.02395985 0.00296045 0.20000000
v -0.02397161 0.00309173 0.19968180
v -0.02400000 0.00340866 0.19955000
v -0.02402839 0.00372558 0.19968180
v -0.02404015 0.00385686 0.20000000
v -0.02402839 0.00372558 0.20031820
v -0.02400000 0.00340866 0.20045000
v -0.02397161 0.00309173 0.20031820
v -0.02297947 0.00302741 0.20000000
v -0.02298548 0.00315908 0.19968180
v -0.02300000 0.00347694 0.19955000
v -0.02301452 0.00379481 0.19968180
v -0.02302053 0.00392647 0.20000000
v -0.02301452 0.00379481 0.20031820
v -0.02300000 0.00347694 0.20045000
v -0.02298548 0.00315908 0.20031820
v -0.02200000 0.00305000 0.20000000
v -0.02200000 0.00318180 0.19968180
v -0.02200000 0.00350000 0.19955000
v -0.02200000 0.00381820 0.19968180
v -0.02200000 0.00395000 0.20000000
v -0.02200000 0.00381820 0.20031820
v -0.02200000 0.00350000 0.20045000
v -0.02200000 0.00318180 0.20031820
v -0.02102053 0.00302741 0.20000000
v -0.02101452 0.00315908 0.19968180
v -0.02100000 0.00347694 0.19955000
v -0.02098548 0.00379481 0.19968180
v -0.02097947 0.00392647 0.20000000
v -0.02098548 0.00379481 0.20031820
v -0.02100000 0.00347694 0.20045000
v -0.02101452 0.00315908 0.20031820
v -0.02004015 0.00296045 0.20000000
v -0.02002839 0.00309173 0.19968180
v -0.02000000 0.00340866 0.19955000
v -0.01997161 0.00372558 0.19968180
v -0.01995985 0.00385686 0.20000000
v -0.01997161 0.00372558 0.20031820
v -0.02000000 0.00340866 0.20045000
v -0.02002839 0.00309173 0.20031820
v -0.01905804 0.00285152 0.20000000
v -0.01904104 0.00298222 0.19968180
v -0.01900000 0.00329776 0.19955000
v -0.01895896 0.00361330 0.19968180
v -0.01894196 0.00374400 0.20000000
v -0.01895896 0.00361330 0.20031820
v -0.01900000 0.00329776 0.20045000
v -0.01904104 0.00298222 0.20031820
v -0.01807349 0.00270457 0.20000000
v -0.01805197 0.00283460 0.19968180
v -0.01800000 0.00314853 0.19955000
v -0.01794803 0.00346245 0.19968180
v -0.01792651 0.00359249 0.20000000
v -0.01794803 0.00346245 0.20031820
v -0.01800000 0.00314853 0.20045000
v -0.01805197 0.00283460 0.20031820
v -0.01708598 0.00252497 0.20000000
v -0.01706080 0.00265435 0.19968180
v -0.01700000 0.00296668 0.19955000
v -0.01693920 0.00327902 0.19968180
v -0.01691402 0.00340839 0.20000000
v -0.01693920 0.00327902 0.20031820
v -0.01700000 0.00296668 0.20045000
v -0.01706080 0.00265435 0.20031820
v -0.01609513 0.00231939 0.20000000
v -0.01606727 0.00244821 0.19968180
v -0.01600000 0.00275922 0.19955000
v -0.01593273 0.00307023 0.19968180
v -0.01590487 0.00319905 0.20000000
v -0.01593273 0.00307023 0.20031820
v -0.01600000 0.00275922 0.20045000
v -0.01606727 0.00244821 0.20031820
v -0.01510070 0.00209552 0.20000000
v -0.01507121 0.00222398 0.19968180
v -0.01500000 0.00253411 0.19955000
v -0.01492879 0.00284424 0.19968180
v -0.01489930 0.00297270 0.20000000
v -0.01492879 0.00284424 0.20031820
v -0.01500000 0.00253411 0.20045000
v -0.01507121 0.00222398 0.20031820
v -0.01410258 0.00186185 0.20000000
v -0.01407253 0.00199018 0.19968180
v -0.01400000 0.00230000 0.19955000
v -0.01392747 0.00260982 0.19968180
v -0.01389742 0.00273815 0.20000000
v -0.01392747 0.00260982 0.20031820
v -0.01400000 0.00230000 0.20045000
v -0.01407253 0.00199018 0.20031820
v -0.03000000 -0.00045000 0.20230000
v -0.02992747 -0.00031820 0.20199018
v -0.02989742 0.00000000 0.20186185
v -0.02992747 0.00031820 0.20199018
v -0.03000000 0.00045000 0.20230000
v -0.03007253 0.00031820 0.20260982
v -0.03010258 0.00000000 0.20273815
v -0.03007253 -0.00031820 0.20260982
v -0.02900000 -0.00045000 0.20253411
v -0.02892879 -0.00031820 0.20222398
v -0.02889930 0.00000000 0.20209552
v -0.02892879 0.00031820 0.20222398
v -0.02900000 0.00045000 0.20253411
v -0.02907121 0.00031820 0.20284424
v -0.02910070 0.00000000 0.20297270
v -0.02907121 -0.00031820 0.20284424
v -0.02800000 -0.00045000 0.20275922
v -0.02793273 -0.00031820 0.20244821
v -0.02790487 0.00000000 0.20231939
v -0.02793273 0.00031820 0.20244821
v -0.02800000 0.00045000 0.20275922
v -0.02806727 0.00031820 0.20307023
v -0.02809513 0.00000000 0.20319905
v -0.02806727 -0.00031820 0.20307023
v -0.02700000 -0.00045000 0.20296668
v -0.02693920 -0.00031820 0.20265435
v -0.02691402 0.00000000 0.20252497
v -0.02693920 0.00031820 0.20265435
v -0.02700000 0.00045000 0.20296668
v -0.02706080 0.00031820 0.20327902
v -0.02708598 0.00000000 0.20340839
v -0.02706080 -0.00031820 0.20327902
v -0.02600000 -0.00045000 0.20314853
v -0.02594803 -0.00031820 0.20283460
v -0.02592651 0.00000000 0.20270457
v -0.02594803 0.00031820 0.20283460
v -0.02600000 0.00045000 0.20314853
v -0.02605197 0.00031820 0.20346245
v -0.02607349 0.00000000 0.20359249
v -0.02605197 -0.00031820 0.20346245
v -0.02500000 -0.00045000 0.20329776
v -0.02495896 -0.00031820 0.20298222
v -0.02494196 0.00000000 0.20285152
v -0.02495896 0.00031820 0.20298222
v -0.02500000 0.00045000 0.20329776
v -0.02504104 0.00031820 0.20361330
v -0.02505804 0.00000000 0.20374400
v -0.02504104 -0.00031820 0.20361330
v -0.02400000 -0.00045000 0.20340866
v -0.02397161 -0.00031820 0.20309173
v -0.02395985 0.00000000 0.20296045
v -0.02397161 0.00031820 0.20309173
v -0.02400000 0.00045000 0.20340866
v -0.02402839 0.00031820 0.20372558
v -0.02404015 0.00000000 0.20385686
v -0.02402839 -0.00031820 0.20372558
v -0.02300000 -0.00045000 0.20347694
v -0.02298548 -0.00031820 0.20315908
v -0.02297947 0.00000000 0.20302741
v -0.02298548 0.00031820 0.20315908
v -0.02300000 0.00045000 0.20347694
v -0.02301452 0.00031820 0.20379481
v -0.02302053 0.00000000 0.20392647
v -0.02301452 -0.00031820 0.20379481
v -0.02200000 -0.00045000 0.20350000
v -0.02200000 -0.00031820 0.20318180
v -0.02200000 0.00000000 0.20305000
v -0.02200000 0.00031820 0.20318180
v -0.02200000 0.00045000 0.20350000
v -0.02200000 0.00031820 0.20381820
v -0.02200000 0.00000000 0.20395000
v -0.02200000 -0.00031820 0.20381820
v -0.02100000 -0.00045000 0.20347694
v -0.02101452 -0.00031820 0.20315908
v -0.02102053 0.00000000 0.20302741
v -0.02101452 0.00031820 0.20315908
v -0.02100000 0.00045000 0.20347694
v -0.02098548 0.00031820 0.20379481
v -0.02097947 0.00000000 0.20392647
v -0.02098548 -0.00031820 0.20379481
v -0.02000000 -0.00045000 0.20340866
v -0.02002839 -0.00031820 0.20309173
v -0.02004015 0.00000000 0.20296045
v -0.02002839 0.00031820 0.20309173
v -0.02000000 0.00045000 0.20340866
v -0.01997161 0.00031820 0.20372558
v -0.01995985 0.00000000 0.20385686
v -0.01997161 -0.00031820 0.20372558
v -0.01900000 -0.00045000 0.20329776
v -0.01904104 -0.00031820 0.20298222
v -0.01905804 0.00000000 0.20285152
v -0.01904104 0.00031820 0.20298222
v -0.01900000 0.00045000 0.20329776
v -0.01895896 0.00031820 0.20361330
v -0.01894196 0.00000000 0.20374400
v -0.01895896 -0.00031820 0.20361330
v -0.01800000 -0.00045000 0.20314853
v -0.01805197 -0.00031820 0.20283460
v -0.01807349 0.00000000 0.20270457
v -0.01805197 0.00031820 0.20283460
v -0.01800000 0.00045000 0.20314853
v -0.01794803 0.00031820 0.20346245
v -0.01792651 0.00000000 0.20359249
v -0.01794803 -0.00031820 0.20346245
v -0.01700000 -0.00045000 0.20296668
v -0.01706080 -0.00031820 0.20265435
v -0.01708598 0.00000000 0.20252497
v -0.01706080 0.00031820 0.20265435
v -0.01700000 0.00045000 0.20296668
v -0.01693920 0.00031820 0.20327902
v -0.01691402 0.00000000 0.20340839
v -0.01693920 -0.00031820 0.20327902
v -0.01600000 -0.00045000 0.20275922
v -0.01606727 -0.00031820 0.20244821
v -0.01609513 0.00000000 0.20231939
v -0.01606727 0.00031820 0.20244821
v -0.01600000 0.00045000 0.20275922
v -0.01593273 0.00031820 0.20307023
v -0.01590487 0.00000000 0.20319905
v -0.01593273 -0.00031820 0.20307023
v -0.01500000 -0.00045000 0.20253411
v -0.01507121 -0.00031820 0.20222398
v -0.01510070 0.00000000 0.20209552
v -0.01507121 0.00031820 0.20222398
v -0.01500000 0.00045000 0.20253411
v -0.01492879 0.00031820 0.20284424
v -0.01489930 0.00000000 0.20297270
v -0.01492879 -0.00031820 0.20284424
v -0.01400000 -0.00045000 0.20230000
v -0.01407253 -0.00031820 0.20199018
v -0.01410258 0.00000000 0.20186185
v -0.01407253 0.00031820 0.20199018
v -0.01400000 0.00045000 0.20230000
v -0.01392747 0.00031820 0.20260982
v -0.01389742 0.00000000 0.20273815
v -0.01392747 -0.00031820 0.20260982
v -0.03010258 -0.00273815 0.20000000
v -0.03007253 -0.00260982 0.19968180
v -0.03000000 -0.00230000 0.19955000
v -0.02992747 -0.00199018 0.19968180
v -0.02989742 -0.00186185 0.20000000
v -0.02992747 -0.00199018 0.20031820
v -0.03000000 -0.00230000 0.20045000
v -0.03007253 -0.00260982 0.20031820
v -0.02910070 -0.00297270 0.20000000
v -0.02907121 -0.00284424 0.19968180
v -0.02900000 -0.00253411 0.19955000
v -0.02892879 -0.00222398 0.19968180
v -0.02889930 -0.00209552 0.20000000
v -0.02892879 -0.00222398 0.20031820
v -0.02900000 -0.00253411 0.20045000
v -0.02907121 -0.00284424 0.20031820
v -0.02809513 -0.00319905 0.20000000
v -0.02806727 -0.00307023 0.19968180
v -0.02800000 -0.00275922 0.19955000
v -0.02793273 -0.00244821 0.19968180
v -0.02790487 -0.00231939 0.20000000
v -0.02793273 -0.00244821 0.20031820
v -0.02800000 -0.00275922 0.20045000
v -0.02806727 -0.00307023 0.20031820
v -0.02708598 -0.00340839 0.20000000
v -0.02706080 -0.00327902 0.19968180
v -0.02700000 -0.00296668 0.19955000
v -0.02693920 -0.00265435 0.19968180
v -0.02691402 -0.00252497 0.20000000
v -0.02693920 -0.00265435 0.20031820
v -0.02700000 -0.00296668 0.20045000
v -0.02706080 -0.00327902 0.20031820
v -0.02607349 -0.00359249 0.20000000
v -0.02605197 -0.00346245 0.19968180
v -0.02600000 -0.00314853 0.19955000
v -0.02594803 -0.00283460 0.19968180
v -0.02592651 -0.00270457 0.20000000
v -0.02594803 -0.00283460 0.20031820
v -0.02600000 -0.00314853 0.20045000
v -0.02605197 -0.00346245 0.20031820
v -0.02505804 -0.00374400 0.20000000
v -0.02504104 -0.00361330 0.19968180
v -0.02500000 -0.00329776 0.19955000
v -0.02495896 -0.00298222 0.19968180
v -0.02494196 -0.00285152 0.20000000
v -0.02495896 -0.00298222 0.20031820
v -0.02500000 -0.00329776 0.20045000
v -0.02504104 -0.00361330 0.20031820
v -0.02404015 -0.00385686 0.20000000
v -0.02402839 -0.00372558 0.19968180
v -0.02400000 -0.00340866 0.19955000
v -0.02397161 -0.00309173 0.19968180
v -0.02395985 -0.00296045 0.20000000
v -0.02397161 -0.00309173 0.20031820
v -0.02400000 -0.00340866 0.20045000
v -0.02402839 -0.00372558 0.20031820
v -0.02302053 -0.00392647 0.20000000
v -0.02301452 -0.00379481 0.19968180
v -0.02300000 -0.00347694 0.19955000
v -0.02298548 -0.00315908 0.19968180
v -0.02297947 -0.00302741 0.20000000
v -0.02298548 -0.00315908 0.20031820
v -0.02300000 -0.00347694 0.20045000
v -0.02301452 -0.00379481 0.20031820
v -0.02200000 -0.00395000 0.20000000
v -0.02200000 -0.00381820 0.19968180
v -0.02200000 -0.00350000 0.19955000
v -0.02200000 -0.00318180 0.19968180
v -0.02200000 -0.00305000 0.20000000
v -0.02200000 -0.00318180 0.20031820
v -0.02200000 -0.00350000 0.20045000
v -0.02200000 -0.00381820 0.20031820
v -0.02097947 -0.00392647 0.20000000
v -0.02098548 -0.00379481 0.19968180
v -0.02100000 -0.00347694 0.19955000
v -0.02101452 -0.00315908 0.19968180
v -0.02102053 -0.00302741 0.20000000
v -0.02101452 -0.00315908 0.20031820
v -0.02100000 -0.00347694 0.20045000
v -0.02098548 -0.00379481 0.20031820
v -0.01995985 -0.00385686 0.20000000
v -0.01997161 -0.00372558 0.19968180
v -0.02000000 -0.00340866 0.19955000
v -0.02002839 -0.00309173 0.19968180
v -0.02004015 -0.00296045 0.20000000
v -0.02002839 -0.00309173 0.20031820
v -0.02000000 -0.00340866 0.20045000
v -0.01997161 -0.00372558 0.20031820
v -0.01894196 -0.00374400 0.20000000
v -0.01895896 -0.00361330 0.19968180
v -0.01900000 -0.00329776 0.19955000
v -0.01904104 -0.00298222 0.19968180
v -0.01905804 -0.00285152 0.20000000
v -0.01904104 -0.00298222 0.20031820
v -0.01900000 -0.00329776 0.20045000
v -0.01895896 -0.00361330 0.20031820
v -0.01792651 -0.00359249 0.20000000
v -0.01794803 -0.00346245 0.19968180
v -0.01800000 -0.00314853 0.19955000
v -0.01805197 -0.00283460 0.19968180
v -0.01807349 -0.00270457 0.20000000
v -0.01805197 -0.00283460 0.20031820
v -0.01800000 -0.00314853 0.20045000
v -0.01794803 -0.00346245 0.20031820
v -0.01691402 -0.00340839 0.20000000
v -0.01693920 -0.00327902 0.19968180
v -0.01700000 -0.00296668 0.19955000
v -0.01706080 -0.00265435 0.19968180
v -0.01708598 -0.00252497 0.20000000
v -0.01706080 -0.00265435 0.20031820
v -0.01700000 -0.00296668 0.20045000
v -0.01693920 -0.00327902 0.20031820
v -0.01590487 -0.00319905 0.20000000
v -0.01593273 -0.00307023 0.19968180
v -0.01600000 -0.00275922 0.19955000
v -0.01606727 -0.00244821 0.19968180
v -0.01609513 -0.00231939 0.20000000
v -0.01606727 -0.00244821 0.20031820
v -0.01600000 -0.00275922 0.20045000
v -0.01593273 -0.00307023 0.20031820
v -0.01489930 -0.00297270 0.20000000
v -0.01492879 -0.00284424 0.19968180
v -0.01500000 -0.00253411 0.19955000
v -0.01507121 -0.00222398 0.19968180
v -0.01510070 -0.00209552 0.20000000
v -0.01507121 -0.00222398 0.20031820
v -0.01500000 -0.00253411 0.20045000
v -0.01492879 -0.00284424 0.20031820
v -0.01389742 -0.00273815 0.20000000
v -0.01392747 -0.00260982 0.19968180
v -0.01400000 -0.00230000 0.19955000
v -0.01407253 -0.00199018 0.19968180
v -0.01410258 -0.00186185 0.20000000
v -0.01407253 -0.00199018 0.20031820
v -0.01400000 -0.00230000 0.20045000
v -0.01392747 -0.00260982 0.20031820
v -0.03000000 -0.00045000 0.19770000
v -0.03007253 -0.00031820 0.19739018
v -0.03010258 -0.00000000 0.19726185
v -0.03007253 0.00031820 0.19739018
v -0.03000000 0.00045000 0.19770000
v -0.02992747 0.00031820 0.19800982
v -0.02989742 -0.00000000 0.19813815
v -0.02992747 -0.00031820 0.19800982
v -0.02900000 -0.00045000 0.19746589
v -0.02907121 -0.00031820 0.19715576
v -0.02910070 -0.00000000 0.19702730
v -0.02907121 0.00031820 0.19715576
v -0.02900000 0.00045000 0.19746589
v -0.02892879 0.00031820 0.19777602
v -0.02889930 -0.00000000 0.19790448
v -0.02892879 -0.00031820 0.19777602
v -0.02800000 -0.00045000 0.19724078
v -0.02806727 -0.00031820 0.19692977
v -0.02809513 -0.00000000 0.19680095
v -0.02806727 0.00031820 0.19692977
v -0.02800000 0.00045000 0.19724078
v -0.02793273 0.00031820 0.19755179
v -0.02790487 -0.00000000 0.19768061
v -0.02793273 -0.00031820 0.19755179
v -0.02700000 -0.00045000 0.19703332
v -0.02706080 -0.00031820 0.19672098
v -0.02708598 -0.00000000 0.19659161
v -0.02706080 0.00031820 0.19672098
v -0.02700000 0.00045000 0.19703332
v -0.02693920 0.00031820 0.19734565
v -0.02691402 -0.00000000 0.19747503
v -0.02693920 -0.00031820 0.19734565
v -0.02600000 -0.00045000 0.19685147
v -0.02605197 -0.00031820 0.19653755
v -0.02607349 -0.00000000 0.19640751
v -0.02605197 0.00031820 0.19653755
v -0.02600000 0.00045000 0.19685147
v -0.02594803 0.00031820 0.19716540
v -0.02592651 -0.00000000 0.19729543
v -0.02594803 -0.00031820 0.19716540
v -0.02500000 -0.00045000 0.19670224
v -0.02504104 -0.00031820 0.19638670
v -0.02505804 -0.00000000 0.19625600
v -0.02504104 0.00031820 0.19638670
v -0.02500000 0.00045000 0.19670224
v -0.02495896 0.00031820 0.19701778
v -0.02494196 -0.00000000 0.19714848
v -0.02495896 -0.00031820 0.19701778
v -0.02400000 -0.00045000 0.19659134
v -0.02402839 -0.00031820 0.19627442
v -0.02404015 -0.00000000 0.19614314
v -0.02402839 0.00031820 0.19627442
v -0.02400000 0.00045000 0.19659134
v -0.02397161 0.00031820 0.19690827
v -0.02395985 -0.00000000 0.19703955
v -0.02397161 -0.00031820 0.19690827
v -0.02300000 -0.00045000 0.19652306
v -0.02301452 -0.00031820 0.19620519
v -0.02302053 -0.00000000 0.19607353
v -0.02301452 0.00031820 0.19620519
v -0.02300000 0.00045000 0.19652306
v -0.02298548 0.00031820 0.19684092
v -0.02297947 -0.00000000 0.19697259
v -0.02298548 -0.00031820 0.19684092
v -0.02200000 -0.00045000 0.19650000
v -0.02200000 -0.00031820 0.19618180
v -0.02200000 -0.00000000 0.19605000
v -0.02200000 0.00031820 0.19618180
v -0.02200000 0.00045000 0.19650000
v -0.02200000 0.00031820 0.19681820
v -0.02200000 -0.00000000 0.19695000
v -0.02200000 -0.00031820 0.19681820
v -0.02100000 -0.00045000 0.19652306
v -0.02098548 -0.00031820 0.19620519
v -0.02097947 -0.00000000 0.19607353
v -0.02098548 0.00031820 0.19620519
v -0.02100000 0.00045000 0.19652306
v -0.02101452 0.00031820 0.19684092
v -0.02102053 -0.00000000 0.19697259
v -0.02101452 -0.00031820 0.19684092
v -0.02000000 -0.00045000 0.19659134
v -0.01997161 -0.00031820 0.19627442
v -0.01995985 -0.00000000 0.19614314
v -0.01997161 0.00031820 0.19627442
v -0.02000000 0.00045000 0.19659134
v -0.02002839 0.00031820 0.19690827
v -0.02004015 -0.00000000 0.19703955
v -0.02002839 -0.00031820 0.19690827
v -0.01900000 -0.00045000 0.19670224
v -0.01895896 -0.00031820 0.19638670
v -0.01894196 -0.00000000 0.19625600
v -0.01895896 0.00031820 0.19638670
v -0.01900000 0.00045000 0.19670224
v -0.01904104 0.00031820 0.19701778
v -0.01905804 -0.00000000 0.19714848
v -0.01904104 -0.00031820 0.19701778
v -0.01800000 -0.00045000 0.19685147
v -0.01794803 -0.00031820 0.19653755
v -0.01792651 -0.00000000 0.19640751
v -0.01794803 0.00031820 0.19653755
v -0.01800000 0.00045000 0.19685147
v -0.01805197 0.00031820 0.19716540
v -0.01807349 -0.00000000 0.19729543
v -0.01805197 -0.00031820 0.19716540
v -0.01700000 -0.00045000 0.19703332
v -0.01693920 -0.00031820 0.19672098
v -0.01691402 -0.00000000 0.19659161
v -0.01693920 0.00031820 0.19672098
v -0.01700000 0.00045000 0.19703332
v -0.01706080 0.00031820 0.19734565
v -0.01708598 -0.00000000 0.19747503
v -0.01706080 -0.00031820 0.19734565
v -0.01600000 -0.00045000 0.19724078
v -0.01593273 -0.00031820 0.19692977
v -0.01590487 -0.00000000 0.19680095
v -0.01593273 0.00031820 0.19692977
v -0.01600000 0.00045000 0.19724078
v -0.01606727 0.00031820 0.19755179
v -0.01609513 -0.00000000 0.19768061
v -0.01606727 -0.00031820 0.19755179
v -0.01500000 -0.00045000 0.19746589
v -0.01492879 -0.00031820 0.19715576
v -0.01489930 -0.00000000 0.19702730
v -0.01492879 0.00031820 0.19715576
v -0.01500000 0.00045000 0.19746589
v -0.01507121 0.00031820 0.19777602
v -0.01510070 -0.00000000 0.19790448
v -0.01507121 -0.00031820 0.19777602
v -0.01400000 -0.00045000 0.19770000
v -0.01392747 -0.00031820 0.19739018
v -0.01389742 -0.00000000 0.19726185
v -0.01392747 0.00031820 0.19739018
v -0.01400000 0.00045000 0.19770000
v -0.01407253 0.00031820 0.19800982
v -0.01410258 -0.00000000 0.19813815
v -0.01407253 -0.00031820 0.19800982
v 0.02010000 -0.00250000 0.20000000
v 0.02010000 -0.00241481 0.19935295
v 0.02010000 -0.00216506 0.19875000
v 0.02010000 -0.00176777 0.19823223
v 0.02010000 -0.00125000 0.19783494
v 0.02010000 -0.00064705 0.19758519
v 0.02010000 -0.00000000 0.19750000
v 0.02010000 0.00064705 0.19758519
v 0.02010000 0.00125000 0.19783494
v 0.02010000 0.00176777 0.19823223
v 0.02010000 0.00216506 0.19875000
v 0.02010000 0.00241481 0.19935295
v 0.02010000 0.00250000 0.20000000
v 0.02010000 0.00241481 0.20064705
v 0.02010000 0.00216506 0.20125000
v 0.02010000 0.00176777 0.20176777
v 0.02010000 0.00125000 0.20216506
v 0.02010000 0.00064705 0.20241481
v 0.02010000 0.00000000 0.20250000
v 0.02010000 -0.00064705 0.20241481
v 0.02010000 -0.00125000 0.20216506
v 0.02010000 -0.00176777 0.20176777
v 0.02010000 -0.00216506 0.20125000
v 0.02010000 -0.00241481 0.20064705
v 0.02020000 -0.00250000 0.20000000
v 0.02020000 -0.00241481 0.19935295
v 0.02020000 -0.00216506 0.19875000
v 0.02020000 -0.00176777 0.19823223
v 0.02020000 -0.00125000 0.19783494
v 0.02020000 -0.00064705 0.19758519
v 0.02020000 -0.00000000 0.19750000
v 0.02020000 0.00064705 0.19758519
v 0.02020000 0.00125000 0.19783494
v 0.02020000 0.00176777 0.19823223
v 0.02020000 0.00216506 0.19875000
v 0.02020000 0.00241481 0.19935295
v 0.02020000 0.00250000 0.20000000
v 0.02020000 0.00241481 0.20064705
v 0.02020000 0.00216506 0.20125000
v 0.02020000 0.00176777 0.20176777
v 0.02020000 0.00125000 0.20216506
v 0.02020000 0.00064705 0.20241481
v 0.02020000 0.00000000 0.20250000
v 0.02020000 -0.00064705 0.20241481
v 0.02020000 -0.00125000 0.20216506
v 0.02020000 -0.00176777 0.20176777
v 0.02020000 -0.00216506 0.20125000
v 0.02020000 -0.00241481 0.20064705
v 0.01250000 0.00000000 0.00000000
v 0.01275556 -0.00194114 0.00000000
v 0.01350481 -0.00375000 0.00000000
v 0.01469670 -0.00530330 0.00000000
v 0.01625000 -0.00649519 0.00000000
v 0.01805886 -0.00724444 0.00000000
v 0.02000000 -0.00750000 0.00000000
v 0.02194114 -0.00724444 0.00000000
v 0.02375000 -0.00649519 0.00000000
v 0.02530330 -0.00530330 0.00000000
v 0.02649519 -0.00375000 0.00000000
v 0.02724444 -0.00194114 0.00000000
v 0.02750000 -0.00000000 0.00000000
v 0.02724444 0.00194114 0.00000000
v 0.02649519 0.00375000 0.00000000
v 0.02530330 0.00530330 0.00000000
v 0.02375000 0.00649519 0.00000000
v 0.02194114 0.00724444 0.00000000
v 0.02000000 0.00750000 0.00000000
v 0.01805886 0.00724444 0.00000000
v 0.01625000 0.00649519 0.00000000
v 0.01469670 0.00530330 0.00000000
v 0.01350481 0.00375000 0.00000000
v 0.01275556 0.00194114 0.00000000
v 0.01250000 0.00000000 0.01200000
v 0.01275556 -0.00194114 0.01200000
v 0.01350481 -0.00375000 0.01200000
v 0.01469670 -0.00530330 0.01200000
v 0.01625000 -0.00649519 0.01200000
v 0.01805886 -0.00724444 0.01200000
v 0.02000000 -0.00750000 0.01200000
v 0.02194114 -0.00724444 0.01200000
v 0.02375000 -0.00649519 0.01200000
v 0.02530330 -0.00530330 0.01200000
v 0.02649519 -0.00375000 0.01200000
v 0.02724444 -0.00194114 0.01200000
v 0.02750000 -0.00000000 0.01200000
v 0.02724444 0.00194114 0.01200000
v 0.02649519 0.00375000 0.01200000
v 0.02530330 0.00530330 0.01200000
v 0.02375000 0.00649519 0.01200000
v 0.02194114 0.00724444 0.01200000
v 0.02000000 0.00750000 0.01200000
v 0.01805886 0.00724444 0.01200000
v 0.01625000 0.00649519 0.01200000
v 0.01469670 0.00530330 0.01200000
v 0.01350481 0.00375000 0.01200000
v 0.01275556 0.00194114 0.01200000
v 0.00450000 0.00000000 0.00000000
v 0.00482370 -0.00245878 0.00000000
v 0.00577276 -0.00475000 0.00000000
v 0.00728249 -0.00671751 0.00000000
v 0.00925000 -0.00822724 0.00000000
v 0.01154122 -0.00917630 0.00000000
v 0.01400000 -0.00950000 0.00000000
v 0.01645878 -0.00917630 0.00000000
v 0.01875000 -0.00822724 0.00000000
v 0.02071751 -0.00671751 0.00000000
v 0.02222724 -0.00475000 0.00000000
v 0.02317630 -0.00245878 0.00000000
v 0.02350000 -0.00000000 0.00000000
v 0.02317630 0.00245878 0.00000000
v 0.02222724 0.00475000 0.00000000
v 0.02071751 0.00671751 0.00000000
v 0.01875000 0.00822724 0.00000000
v 0.01645878 0.00917630 0.00000000
v 0.01400000 0.00950000 0.00000000
v 0.01154122 0.00917630 0.00000000
v 0.00925000 0.00822724 0.00000000
v 0.00728249 0.00671751 0.00000000
v 0.00577276 0.00475000 0.00000000
v 0.00482370 0.00245878 0.00000000
v 0.00450000 0.00000000 0.01200000
v 0.00482370 -0.00245878 0.01200000
v 0.00577276 -0.00475000 0.01200000
v 0.00728249 -0.00671751 0.01200000
v 0.00925000 -0.00822724 0.01200000
v 0.01154122 -0.00917630 0.01200000
v 0.01400000 -0.00950000 0.01200000
v 0.01645878 -0.00917630 0.01200000
v 0.01875000 -0.00822724 0.01200000
v 0.02071751 -0.00671751 0.01200000
v 0.02222724 -0.00475000 0.01200000
v 0.02317630 -0.00245878 0.01200000
v 0.02350000 -0.00000000 0.01200000
v 0.02317630 0.00245878 0.01200000
v 0.02222724 0.00475000 0.01200000
v 0.02071751 0.00671751 0.01200000
v 0.01875000 0.00822724 0.01200000
v 0.01645878 0.00917630 0.01200000
v 0.01400000 0.00950000 0.01200000
v 0.01154122 0.00917630 0.01200000
v 0.00925000 0.00822724 0.01200000
v 0.00728249 0.00671751 0.01200000
v 0.00577276 0.00475000 0.01200000
v 0.00482370 0.00245878 0.01200000
v 0.00500000 -0.00700000 0.00000000
v 0.00500000 -0.00676148 -0.00181173
v 0.00500000 -0.00606218 -0.00350000
v 0.00500000 -0.00494975 -0.00494975
v 0.00500000 -0.00350000 -0.00606218
v 0.00500000 -0.00181173 -0.00676148
v 0.00500000 -0.00000000 -0.00700000
v 0.00500000 0.00181173 -0.00676148
v 0.00500000 0.00350000 -0.00606218
v 0.00500000 0.00494975 -0.00494975
v 0.00500000 0.00606218 -0.00350000
v 0.00500000 0.00676148 -0.00181173
v 0.00500000 0.00700000 -0.00000000
v 0.00500000 0.00676148 0.00181173
v 0.00500000 0.00606218 0.00350000
v 0.00500000 0.00494975 0.00494975
v 0.00500000 0.00350000 0.00606218
v 0.00500000 0.00181173 0.00676148
v 0.00500000 0.00000000 0.00700000
v 0.00500000 -0.00181173 0.00676148
v 0.00500000 -0.00350000 0.00606218
v 0.00500000 -0.00494975 0.00494975
v 0.00500000 -0.00606218 0.00350000
v 0.00500000 -0.00676148 0.00181173
v 0.01400000 -0.00700000 0.00000000
v 0.01400000 -0.00676148 -0.00181173
v 0.01400000 -0.00606218 -0.00350000
v 0.01400000 -0.00494975 -0.00494975
v 0.01400000 -0.00350000 -0.00606218
v 0.01400000 -0.00181173 -0.00676148
v 0.01400000 -0.00000000 -0.00700000
v 0.01400000 0.00181173 -0.00676148
v 0.01400000 0.00350000 -0.00606218
v 0.01400000 0.00494975 -0.00494975
v 0.01400000 0.00606218 -0.00350000
v 0.01400000 0.00676148 -0.00181173
v 0.01400000 0.00700000 -0.00000000
v 0.01400000 0.00676148 0.00181173
v 0.01400000 0.00606218 0.00350000
v 0.01400000 0.00494975 0.00494975
v 0.01400000 0.00350000 0.00606218
v 0.01400000 0.00181173 0.00676148
v 0.01400000 0.00000000 0.00700000
v 0.01400000 -0.00181173 0.00676148
v 0.01400000 -0.00350000 0.00606218
v 0.01400000 -0.00494975 0.00494975
v 0.01400000 -0.00606218 0.00350000
v 0.01400000 -0.00676148 0.00181173
v -0.00100000 -0.00450000 0.00000000
v -0.00100000 -0.00434667 -0.00116469
v -0.00100000 -0.00389711 -0.00225000
v -0.00100000 -0.00318198 -0.00318198
v -0.00100000 -0.00225000 -0.00389711
v -0.00100000 -0.00116469 -0.00434667
v -0.00100000 -0.00000000 -0.00450000
v -0.00100000 0.00116469 -0.00434667
v -0.00100000 0.00225000 -0.00389711
v -0.00100000 0.00318198 -0.00318198
v -0.00100000 0.00389711 -0.00225000
v -0.00100000 0.00434667 -0.00116469
v -0.00100000 0.00450000 -0.00000000
v -0.00100000 0.00434667 0.00116469
v -0.00100000 0.00389711 0.00225000
v -0.00100000 0.00318198 0.00318198
v -0.00100000 0.00225000 0.00389711
v -0.00100000 0.00116469 0.00434667
v -0.00100000 0.00000000 0.00450000
v -0.00100000 -0.00116469 0.00434667
v -0.00100000 -0.00225000 0.00389711
v -0.00100000 -0.00318198 0.00318198
v -0.00100000 -0.00389711 0.00225000
v -0.00100000 -0.00434667 0.00116469
v 0.00500000 -0.00450000 0.00000000
v 0.00500000 -0.00434667 -0.00116469
v 0.00500000 -0.00389711 -0.00225000
v 0.00500000 -0.00318198 -0.00318198
v 0.00500000 -0.00225000 -0.00389711
v 0.00500000 -0.00116469 -0.00434667
v 0.00500000 -0.00000000 -0.00450000
v 0.00500000 0.00116469 -0.00434667
v 0.00500000 0.00225000 -0.00389711
v 0.00500000 0.00318198 -0.00318198
v 0.00500000 0.00389711 -0.00225000
v 0.00500000 0.00434667 -0.00116469
v 0.00500000 0.00450000 -0.00000000
v 0.00500000 0.00434667 0.00116469
v 0.00500000 0.00389711 0.00225000
v 0.00500000 0.00318198 0.00318198
v 0.00500000 0.00225000 0.00389711
v 0.00500000 0.00116469 0.00434667
v 0.00500000 0.00000000 0.00450000
v 0.00500000 -0.00116469 0.00434667
v 0.00500000 -0.00225000 0.00389711
v 0.00500000 -0.00318198 0.00318198
v 0.00500000 -0.00389711 0.00225000
v 0.00500000 -0.00434667 0.00116469
v -0.01400000 -0.00330000 0.00000000
v -0.01400000 -0.00318756 -0.00085410
v -0.01400000 -0.00285788 -0.00165000
v -0.01400000 -0.00233345 -0.00233345
v -0.01400000 -0.00165000 -0.00285788
v -0.01400000 -0.00085410 -0.00318756
v -0.01400000 -0.00000000 -0.00330000
v -0.01400000 0.00085410 -0.00318756
v -0.01400000 0.00165000 -0.00285788
v -0.01400000 0.00233345 -0.00233345
v -0.01400000 0.00285788 -0.00165000
v -0.01400000 0.00318756 -0.00085410
v -0.01400000 0.00330000 -0.00000000
v -0.01400000 0.00318756 0.00085410
v -0.01400000 0.00285788 0.00165000
v -0.01400000 0.00233345 0.00233345
v -0.01400000 0.00165000 0.00285788
v -0.01400000 0.00085410 0.00318756
v -0.01400000 0.00000000 0.00330000
v -0.01400000 -0.00085410 0.00318756
v -0.01400000 -0.00165000 0.00285788
v -0.01400000 -0.00233345 0.00233345
v -0.01400000 -0.00285788 0.00165000
v -0.01400000 -0.00318756 0.00085410
v -0.00100000 -0.00330000 0.00000000
v -0.00100000 -0.00318756 -0.00085410
v -0.00100000 -0.00285788 -0.00165000
v -0.00100000 -0.00233345 -0.00233345
v -0.00100000 -0.00165000 -0.00285788
v -0.00100000 -0.00085410 -0.00318756
v -0.00100000 -0.00000000 -0.00330000
v -0.00100000 0.00085410 -0.00318756
v -0.00100000 0.00165000 -0.00285788
v -0.00100000 0.00233345 -0.00233345
v -0.00100000 0.00285788 -0.00165000
v -0.00100000 0.00318756 -0.00085410
v -0.00100000 0.00330000 -0.00000000
v -0.00100000 0.00318756 0.00085410
v -0.00100000 0.00285788 0.00165000
v -0.00100000 0.00233345 0.00233345
v -0.00100000 0.00165000 0.00285788
v -0.00100000 0.00085410 0.00318756
v -0.00100000 0.00000000 0.00330000
v -0.00100000 -0.00085410 0.00318756
v -0.00100000 -0.00165000 0.00285788
v -0.00100000 -0.00233345 0.00233345
v -0.00100000 -0.00285788 0.00165000
v -0.00100000 -0.00318756 0.00085410
v -0.03000000 -0.00230000 0.00000000
v -0.03000000 -0.00222163 -0.00059528
v -0.03000000 -0.00199186 -0.00115000
v -0.03000000 -0.00162635 -0.00162635
v -0.03000000 -0.00115000 -0.00199186
v -0.03000000 -0.00059528 -0.00222163
v -0.03000000 -0.00000000 -0.00230000
v -0.03000000 0.00059528 -0.00222163
v -0.03000000 0.00115000 -0.00199186
v -0.03000000 0.00162635 -0.00162635
v -0.03000000 0.00199186 -0.00115000
v -0.03000000 0.00222163 -0.00059528
v -0.03000000 0.00230000 -0.00000000
v -0.03000000 0.00222163 0.00059528
v -0.03000000 0.00199186 0.00115000
v -0.03000000 0.00162635 0.00162635
v -0.03000000 0.00115000 0.00199186
v -0.03000000 0.00059528 0.00222163
v -0.03000000 0.00000000 0.00230000
v -0.03000000 -0.00059528 0.00222163
v -0.03000000 -0.00115000 0.00199186
v -0.03000000 -0.00162635 0.00162635
v -0.03000000 -0.00199186 0.00115000
v -0.03000000 -0.00222163 0.00059528
v -0.01400000 -0.00230000 0.00000000
v -0.01400000 -0.00222163 -0.00059528
v -0.01400000 -0.00199186 -0.00115000
v -0.01400000 -0.00162635 -0.00162635
v -0.01400000 -0.00115000 -0.00199186
v -0.01400000 -0.00059528 -0.00222163
v -0.01400000 -0.00000000 -0.00230000
v -0.01400000 0.00059528 -0.00222163
v -0.01400000 0.00115000 -0.00199186
v -0.01400000 0.00162635 -0.00162635
v -0.01400000 0.00199186 -0.00115000
v -0.01400000 0.00222163 -0.00059528
v -0.01400000 0.00230000 -0.00000000
v -0.01400000 0.00222163 0.00059528
v -0.01400000 0.00199186 0.00115000
v -0.01400000 0.00162635 0.00162635
v -0.01400000 0.00115000 0.00199186
v -0.01400000 0.00059528 0.00222163
v -0.01400000 0.00000000 0.00230000
v -0.01400000 -0.00059528 0.00222163
v -0.01400000 -0.00115000 0.00199186
v -0.01400000 -0.00162635 0.00162635
v -0.01400000 -0.00199186 0.00115000
v -0.01400000 -0.00222163 0.00059528
v -0.02989742 0.00186185 0.00000000
v -0.02992747 0.00199018 -0.00031820
v -0.03000000 0.00230000 -0.00045000
v -0.03007253 0.00260982 -0.00031820
v -0.03010258 0.00273815 -0.00000000
v -0.03007253 0.00260982 0.00031820
v -0.03000000 0.00230000 0.00045000
v -0.02992747 0.00199018 0.00031820
v -0.02889930 0.00209552 0.00000000
v -0.02892879 0.00222398 -0.00031820
v -0.02900000 0.00253411 -0.00045000
v -0.02907121 0.00284424 -0.00031820
v -0.02910070 0.00297270 -0.00000000
v -0.02907121 0.00284424 0.00031820
v -0.02900000 0.00253411 0.00045000
v -0.02892879 0.00222398 0.00031820
v -0.02790487 0.00231939 0.00000000
v -0.02793273 0.00244821 -0.00031820
v -0.02800000 0.00275922 -0.00045000
v -0.02806727 0.00307023 -0.00031820
v -0.02809513 0.00319905 -0.00000000
v -0.02806727 0.00307023 0.00031820
v -0.02800000 0.00275922 0.00045000
v -0.02793273 0.00244821 0.00031820
v -0.02691402 0.00252497 0.00000000
v -0.02693920 0.00265435 -0.00031820
v -0.02700000 0.00296668 -0.00045000
v -0.02706080 0.00327902 -0.00031820
v -0.02708598 0.00340839 -0.00000000
v -0.02706080 0.00327902 0.00031820
v -0.02700000 0.00296668 0.00045000
v -0.02693920 0.00265435 0.00031820
v -0.02592651 0.00270457 0.00000000
v -0.02594803 0.00283460 -0.00031820
v -0.02600000 0.00314853 -0.00045000
v -0.02605197 0.00346245 -0.00031820
v -0.02607349 0.00359249 -0.00000000
v -0.02605197 0.00346245 0.00031820
v -0.02600000 0.00314853 0.00045000
v -0.02594803 0.00283460 0.00031820
v -0.02494196 0.00285152 0.00000000
v -0.02495896 0.00298222 -0.00031820
v -0.02500000 0.00329776 -0.00045000
v -0.02504104 0.00361330 -0.00031820
v -0.02505804 0.00374400 -0.00000000
v -0.02504104 0.00361330 0.00031820
v -0.02500000 0.00329776 0.00045000
v -0.02495896 0.00298222 0.00031820
v -0.02395985 0.00296045 0.00000000
v -0.02397161 0.00309173 -0.00031820
v -0.02400000 0.00340866 -0.00045000
v -0.02402839 0.00372558 -0.00031820
v -0.02404015 0.00385686 -0.00000000
v -0.02402839 0.00372558 0.00031820
v -0.02400000 0.00340866 0.00045000
v -0.02397161 0.00309173 0.00031820
v -0.02297947 0.00302741 0.00000000
v -0.02298548 0.00315908 -0.00031820
v -0.02300000 0.00347694 -0.00045000
v -0.02301452 0.00379481 -0.00031820
v -0.02302053 0.00392647 -0.00000000
v -0.02301452 0.00379481 0.00031820
v -0.02300000 0.00347694 0.00045000
v -0.02298548 0.00315908 0.00031820
v -0.02200000 0.00305000 0.00000000
v -0.02200000 0.00318180 -0.00031820
v -0.02200000 0.00350000 -0.00045000
v -0.02200000 0.00381820 -0.00031820
v -0.02200000 0.00395000 -0.00000000
v -0.02200000 0.00381820 0.00031820
v -0.02200000 0.00350000 0.00045000
v -0.02200000 0.00318180 0.00031820
v -0.02102053 0.00302741 0.00000000
v -0.02101452 0.00315908 -0.00031820
v -0.02100000 0.00347694 -0.00045000
v -0.02098548 0.00379481 -0.00031820
v -0.02097947 0.00392647 -0.00000000
v -0.02098548 0.00379481 0.00031820
v -0.02100000 0.00347694 0.00045000
v -0.02101452 0.00315908 0.00031820
v -0.02004015 0.00296045 0.00000000
v -0.02002839 0.00309173 -0.00031820
v -0.02000000 0.00340866 -0.00045000
v -0.01997161 0.00372558 -0.00031820
v -0.01995985 0.00385686 -0.00000000
v -0.01997161 0.00372558 0.00031820
v -0.02000000 0.00340866 0.00045000
v -0.02002839 0.00309173 0.00031820
v -0.01905804 0.00285152 0.00000000
v -0.01904104 0.00298222 -0.00031820
v -0.01900000 0.00329776 -0.00045000
v -0.01895896 0.00361330 -0.00031820
v -0.01894196 0.00374400 -0.00000000
v -0.01895896 0.00361330 0.00031820
v -0.01900000 0.00329776 0.00045000
v -0.01904104 0.00298222 0.00031820
v -0.01807349 0.00270457 0.00000000
v -0.01805197 0.00283460 -0.00031820
v -0.01800000 0.00314853 -0.00045000
v -0.01794803 0.00346245 -0.00031820
v -0.01792651 0.00359249 -0.00000000
v -0.01794803 0.00346245 0.00031820
v -0.01800000 0.00314853 0.00045000
v -0.01805197 0.00283460 0.00031820
v -0.01708598 0.00252497 0.00000000
v -0.01706080 0.00265435 -0.00031820
v -0.01700000 0.00296668 -0.00045000
v -0.01693920 0.00327902 -0.00031820
v -0.01691402 0.00340839 -0.00000000
v -0.01693920 0.00327902 0.00031820
v -0.01700000 0.00296668 0.00045000
v -0.01706080 0.00265435 0.00031820
v -0.01609513 0.00231939 0.00000000
v -0.01606727 0.00244821 -0.00031820
v -0.01600000 0.00275922 -0.00045000
v -0.01593273 0.00307023 -0.00031820
v -0.01590487 0.00319905 -0.00000000
v -0.01593273 0.00307023 0.00031820
v -0.01600000 0.00275922 0.00045000
v -0.01606727 0.00244821 0.00031820
v -0.01510070 0.00209552 0.00000000
v -0.01507121 0.00222398 -0.00031820
v -0.01500000 0.00253411 -0.00045000
v -0.01492879 0.00284424 -0.00031820
v -0.01489930 0.00297270 -0.00000000
v -0.01492879 0.00284424 0.00031820
v -0.01500000 0.00253411 0.00045000
v -0.01507121 0.00222398 0.00031820
v -0.01410258 0.00186185 0.00000000
v -0.01407253 0.00199018 -0.00031820
v -0.01400000 0.00230000 -0.00045000
v -0.01392747 0.00260982 -0.00031820
v -0.01389742 0.00273815 -0.00000000
v -0.01392747 0.00260982 0.00031820
v -0.01400000 0.00230000 0.00045000
v -0.01407253 0.00199018 0.00031820
v -0.03000000 -0.00045000 0.00230000
v -0.02992747 -0.00031820 0.00199018
v -0.02989742 0.00000000 0.00186185
v -0.02992747 0.00031820 0.00199018
v -0.03000000 0.00045000 0.00230000
v -0.03007253 0.00031820 0.00260982
v -0.03010258 0.00000000 0.00273815
v -0.03007253 -0.00031820 0.00260982
v -0.02900000 -0.00045000 0.00253411
v -0.02892879 -0.00031820 0.00222398
v -0.02889930 0.00000000 0.00209552
v -0.02892879 0.00031820 0.00222398
v -0.02900000 0.00045000 0.00253411
v -0.02907121 0.00031820 0.00284424
v -0.02910070 0.00000000 0.00297270
v -0.02907121 -0.00031820 0.00284424
v -0.02800000 -0.00045000 0.00275922
v -0.02793273 -0.00031820 0.00244821
v -0.02790487 0.00000000 0.00231939
v -0.02793273 0.00031820 0.00244821
v -0.02800000 0.00045000 0.00275922
v -0.02806727 0.00031820 0.00307023
v -0.02809513 0.00000000 0.00319905
v -0.02806727 -0.00031820 0.00307023
v -0.02700000 -0.00045000 0.00296668
v -0.02693920 -0.00031820 0.00265435
v -0.02691402 0.00000000 0.00252497
v -0.02693920 0.00031820 0.00265435
v -0.02700000 0.00045000 0.00296668
v -0.02706080 0.00031820 0.00327902
v -0.02708598 0.00000000 0.00340839
v -0.02706080 -0.00031820 0.00327902
v -0.02600000 -0.00045000 0.00314853
v -0.02594803 -0.00031820 0.00283460
v -0.02592651 0.00000000 0.00270457
v -0.02594803 0.00031820 0.00283460
v -0.02600000 0.00045000 0.00314853
v -0.02605197 0.00031820 0.00346245
v -0.02607349 0.00000000 0.00359249
v -0.02605197 -0.00031820 0.00346245
v -0.02500000 -0.00045000 0.00329776
v -0.02495896 -0.00031820 0.00298222
v -0.02494196 0.00000000 0.00285152
v -0.02495896 0.00031820 0.00298222
v -0.02500000 0.00045000 0.00329776
v -0.02504104 0.00031820 0.00361330
v -0.02505804 0.00000000 0.00374400
v -0.02504104 -0.00031820 0.00361330
v -0.02400000 -0.00045000 0.00340866
v -0.02397161 -0.00031820 0.00309173
v -0.02395985 0.00000000 0.00296045
v -0.02397161 0.00031820 0.00309173
v -0.02400000 0.00045000 0.00340866
v -0.02402839 0.00031820 0.00372558
v -0.02404015 0.00000000 0.00385686
v -0.02402839 -0.00031820 0.00372558
v -0.02300000 -0.00045000 0.00347694
v -0.02298548 -0.00031820 0.00315908
v -0.02297947 0.00000000 0.00302741
v -0.02298548 0.00031820 0.00315908
v -0.02300000 0.00045000 0.00347694
v -0.02301452 0.00031820 0.00379481
v -0.02302053 0.00000000 0.00392647
v -0.02301452 -0.00031820 0.00379481
v -0.02200000 -0.00045000 0.00350000
v -0.02200000 -0.00031820 0.00318180
v -0.02200000 0.00000000 0.00305000
v -0.02200000 0.00031820 0.00318180
v -0.02200000 0.00045000 0.00350000
v -0.02200000 0.00031820 0.00381820
v -0.02200000 0.00000000 0.00395000
v -0.02200000 -0.00031820 0.00381820
v -0.02100000 -0.00045000 0.00347694
v -0.02101452 -0.00031820 0.00315908
v -0.02102053 0.00000000 0.00302741
v -0.02101452 0.00031820 0.00315908
v -0.02100000 0.00045000 0.00347694
v -0.02098548 0.00031820 0.00379481
v -0.02097947 0.00000000 0.00392647
v -0.02098548 -0.00031820 0.00379481
v -0.02000000 -0.00045000 0.00340866
v -0.02002839 -0.00031820 0.00309173
v -0.02004015 0.00000000 0.00296045
v -0.02002839 0.00031820 0.00309173
v -0.02000000 0.00045000 0.00340866
v -0.01997161 0.00031820 0.00372558
v -0.01995985 0.00000000 0.00385686
v -0.01997161 -0.00031820 0.00372558
v -0.01900000 -0.00045000 0.00329776
v -0.01904104 -0.00031820 0.00298222
v -0.01905804 0.00000000 0.00285152
v -0.01904104 0.00031820 0.00298222
v -0.01900000 0.00045000 0.00329776
v -0.01895896 0.00031820 0.00361330
v -0.01894196 0.00000000 0.00374400
v -0.01895896 -0.00031820 0.00361330
v -0.01800000 -0.00045000 0.00314853
v -0.01805197 -0.00031820 0.00283460
v -0.01807349 0.00000000 0.00270457
v -0.01805197 0.00031820 0.00283460
v -0.01800000 0.00045000 0.00314853
v -0.01794803 0.00031820 0.00346245
v -0.01792651 0.00000000 0.00359249
v -0.01794803 -0.00031820 0.00346245
v -0.01700000 -0.00045000 0.00296668
v -0.01706080 -0.00031820 0.00265435
v -0.01708598 0.00000000 0.00252497
v -0.01706080 0.00031820 0.00265435
v -0.01700000 0.00045000 0.00296668
v -0.01693920 0.00031820 0.00327902
v -0.01691402 0.00000000 0.00340839
v -0.01693920 -0.00031820 0.00327902
v -0.01600000 -0.00045000 0.00275922
v -0.01606727 -0.00031820 0.00244821
v -0.01609513 0.00000000 0.00231939
v -0.01606727 0.00031820 0.00244821
v -0.01600000 0.00045000 0.00275922
v -0.01593273 0.00031820 0.00307023
v -0.01590487 0.00000000 0.00319905
v -0.01593273 -0.00031820 0.00307023
v -0.01500000 -0.00045000 0.00253411
v -0.01507121 -0.00031820 0.00222398
v -0.01510070 0.00000000 0.00209552
v -0.01507121 0.00031820 0.00222398
v -0.01500000 0.00045000 0.00253411
v -0.01492879 0.00031820 0.00284424
v -0.01489930 0.00000000 0.00297270
v -0.01492879 -0.00031820 0.00284424
v -0.01400000 -0.00045000 0.00230000
v -0.01407253 -0.00031820 0.00199018
v -0.01410258 0.00000000 0.00186185
v -0.01407253 0.00031820 0.00199018
v -0.01400000 0.00045000 0.00230000
v -0.01392747 0.00031820 0.00260982
v -0.01389742 0.00000000 0.00273815
v -0.01392747 -0.00031820 0.00260982
v -0.03010258 -0.00273815 0.00000000
v -0.03007253 -0.00260982 -0.00031820
v -0.03000000 -0.00230000 -0.00045000
v -0.02992747 -0.00199018 -0.00031820
v -0.02989742 -0.00186185 0.00000000
v -0.02992747 -0.00199018 0.00031820
v -0.03000000 -0.00230000 0.00045000
v -0.03007253 -0.00260982 0.00031820
v -0.02910070 -0.00297270 0.00000000
v -0.02907121 -0.00284424 -0.00031820
v -0.02900000 -0.00253411 -0.00045000
v -0.02892879 -0.00222398 -0.00031820
v -0.02889930 -0.00209552 0.00000000
v -0.02892879 -0.00222398 0.00031820
v -0.02900000 -0.00253411 0.00045000
v -0.02907121 -0.00284424 0.00031820
v -0.02809513 -0.00319905 0.00000000
v -0.02806727 -0.00307023 -0.00031820
v -0.02800000 -0.00275922 -0.00045000
v -0.02793273 -0.00244821 -0.00031820
v -0.02790487 -0.00231939 0.00000000
v -0.02793273 -0.00244821 0.00031820
v -0.02800000 -0.00275922 0.00045000
v -0.02806727 -0.00307023 0.00031820
v -0.02708598 -0.00340839 0.00000000
v -0.02706080 -0.00327902 -0.00031820
v -0.02700000 -0.00296668 -0.00045000
v -0.02693920 -0.00265435 -0.00031820
v -0.02691402 -0.00252497 0.00000000
v -0.02693920 -0.00265435 0.00031820
v -0.02700000 -0.00296668 0.00045000
v -0.02706080 -0.00327902 0.00031820
v -0.02607349 -0.00359249 0.00000000
v -0.02605197 -0.00346245 -0.00031820
v -0.02600000 -0.00314853 -0.00045000
v -0.02594803 -0.00283460 -0.00031820
v -0.02592651 -0.00270457 0.00000000
v -0.02594803 -0.00283460 0.00031820
v -0.02600000 -0.00314853 0.00045000
v -0.02605197 -0.00346245 0.00031820
v -0.02505804 -0.00374400 0.00000000
v -0.02504104 -0.00361330 -0.00031820
v -0.02500000 -0.00329776 -0.00045000
v -0.02495896 -0.00298222 -0.00031820
v -0.02494196 -0.00285152 0.00000000
v -0.02495896 -0.00298222 0.00031820
v -0.02500000 -0.00329776 0.00045000
v -0.02504104 -0.00361330 0.00031820
v -0.02404015 -0.00385686 0.00000000
v -0.02402839 -0.00372558 -0.00031820
v -0.02400000 -0.00340866 -0.00045000
v -0.02397161 -0.00309173 -0.00031820
v -0.02395985 -0.00296045 0.00000000
v -0.02397161 -0.00309173 0.00031820
v -0.02400000 -0.00340866 0.00045000
v -0.02402839 -0.00372558 0.00031820
v -0.02302053 -0.00392647 0.00000000
v -0.02301452 -0.00379481 -0.00031820
v -0.02300000 -0.00347694 -0.00045000
v -0.02298548 -0.00315908 -0.00031820
v -0.02297947 -0.00302741 0.00000000
v -0.02298548 -0.00315908 0.00031820
v -0.02300000 -0.00347694 0.00045000
v -0.02301452 -0.00379481 0.00031820
v -0.02200000 -0.00395000 0.00000000
v -0.02200000 -0.00381820 -0.00031820
v -0.02200000 -0.00350000 -0.00045000
v -0.02200000 -0.00318180 -0.00031820
v -0.02200000 -0.00305000 0.00000000
v -0.02200000 -0.00318180 0.00031820
v -0.02200000 -0.00350000 0.00045000
v -0.02200000 -0.00381820 0.00031820
v -0.02097947 -0.00392647 0.00000000
v -0.02098548 -0.00379481 -0.00031820
v -0.02100000 -0.00347694 -0.00045000
v -0.02101452 -0.00315908 -0.00031820
v -0.02102053 -0.00302741 0.00000000
v -0.02101452 -0.00315908 0.00031820
v -0.02100000 -0.00347694 0.00045000
v -0.02098548 -0.00379481 0.00031820
v -0.01995985 -0.00385686 0.00000000
v -0.01997161 -0.00372558 -0.00031820
v -0.02000000 -0.00340866 -0.00045000
v -0.02002839 -0.00309173 -0.00031820
v -0.02004015 -0.00296045 0.00000000
v -0.02002839 -0.00309173 0.00031820
v -0.02000000 -0.00340866 0.00045000
v -0.01997161 -0.00372558 0.00031820
v -0.01894196 -0.00374400 0.00000000
v -0.01895896 -0.00361330 -0.00031820
v -0.01900000 -0.00329776 -0.00045000
v -0.01904104 -0.00298222 -0.00031820
v -0.01905804 -0.00285152 0.00000000
v -0.01904104 -0.00298222 0.00031820
v -0.01900000 -0.00329776 0.00045000
v -0.01895896 -0.00361330 0.00031820
v -0.01792651 -0.00359249 0.00000000
v -0.01794803 -0.00346245 -0.00031820
v -0.01800000 -0.00314853 -0.00045000
v -0.01805197 -0.00283460 -0.00031820
v -0.01807349 -0.00270457 0.00000000
v -0.01805197 -0.00283460 0.00031820
v -0.01800000 -0.00314853 0.00045000
v -0.01794803 -0.00346245 0.00031820
v -0.01691402 -0.00340839 0.00000000
v -0.01693920 -0.00327902 -0.00031820
v -0.01700000 -0.00296668 -0.00045000
v -0.01706080 -0.00265435 -0.00031820
v -0.01708598 -0.00252497 0.00000000
v -0.01706080 -0.00265435 0.00031820
v -0.01700000 -0.00296668 0.00045000
v -0.01693920 -0.00327902 0.00031820
v -0.01590487 -0.00319905 0.00000000
v -0.01593273 -0.00307023 -0.00031820
v -0.01600000 -0.00275922 -0.00045000
v -0.01606727 -0.00244821 -0.00031820
v -0.01609513 -0.00231939 0.00000000
v -0.01606727 -0.00244821 0.00031820
v -0.01600000 -0.00275922 0.00045000
v -0.01593273 -0.00307023 0.00031820
v -0.01489930 -0.00297270 0.00000000
v -0.01492879 -0.00284424 -0.00031820
v -0.01500000 -0.00253411 -0.00045000
v -0.01507121 -0.00222398 -0.00031820
v -0.01510070 -0.00209552 0.00000000
v -0.01507121 -0.00222398 0.00031820
v -0.01500000 -0.00253411 0.00045000
v -0.01492879 -0.00284424 0.00031820
v -0.01389742 -0.00273815 0.00000000
v -0.01392747 -0.00260982 -0.00031820
v -0.01400000 -0.00230000 -0.00045000
v -0.01407253 -0.00199018 -0.00031820
v -0.01410258 -0.00186185 0.00000000
v -0.01407253 -0.00199018 0.00031820
v -0.01400000 -0.00230000 0.00045000
v -0.01392747 -0.00260982 0.00031820
v -0.03000000 -0.00045000 -0.00230000
v -0.03007253 -0.00031820 -0.00260982
v -0.03010258 -0.00000000 -0.00273815
v -0.03007253 0.00031820 -0.00260982
v -0.03000000 0.00045000 -0.00230000
v -0.02992747 0.00031820 -0.00199018
v -0.02989742 -0.00000000 -0.00186185
v -0.02992747 -0.00031820 -0.00199018
v -0.02900000 -0.00045000 -0.00253411
v -0.02907121 -0.00031820 -0.00284424
v -0.02910070 -0.00000000 -0.00297270
v -0.02907121 0.00031820 -0.00284424
v -0.02900000 0.00045000 -0.00253411
v -0.02892879 0.00031820 -0.00222398
v -0.02889930 -0.00000000 -0.00209552
v -0.02892879 -0.00031820 -0.00222398
v -0.02800000 -0.00045000 -0.00275922
v -0.02806727 -0.00031820 -0.00307023
v -0.02809513 -0.00000000 -0.00319905
v -0.02806727 0.00031820 -0.00307023
v -0.02800000 0.00045000 -0.00275922
v -0.02793273 0.00031820 -0.00244821
v -0.02790487 -0.00000000 -0.00231939
v -0.02793273 -0.00031820 -0.00244821
v -0.02700000 -0.00045000 -0.00296668
v -0.02706080 -0.00031820 -0.00327902
v -0.02708598 -0.00000000 -0.00340839
v -0.02706080 0.00031820 -0.00327902
v -0.02700000 0.00045000 -0.00296668
v -0.02693920 0.00031820 -0.00265435
v -0.02691402 -0.00000000 -0.00252497
v -0.02693920 -0.00031820 -0.00265435
v -0.02600000 -0.00045000 -0.00314853
v -0.02605197 -0.00031820 -0.00346245
v -0.02607349 -0.00000000 -0.00359249
v -0.02605197 0.00031820 -0.00346245
v -0.02600000 0.00045000 -0.00314853
v -0.02594803 0.00031820 -0.00283460
v -0.02592651 -0.00000000 -0.00270457
v -0.02594803 -0.00031820 -0.00283460
v -0.02500000 -0.00045000 -0.00329776
v -0.02504104 -0.00031820 -0.00361330
v -0.02505804 -0.00000000 -0.00374400
v -0.02504104 0.00031820 -0.00361330
v -0.02500000 0.00045000 -0.00329776
v -0.02495896 0.00031820 -0.00298222
v -0.02494196 -0.00000000 -0.00285152
v -0.02495896 -0.00031820 -0.00298222
v -0.02400000 -0.00045000 -0.00340866
v -0.02402839 -0.00031820 -0.00372558
v -0.02404015 -0.00000000 -0.00385686
v -0.02402839 0.00031820 -0.00372558
v -0.02400000 0.00045000 -0.00340866
v -0.02397161 0.00031820 -0.00309173
v -0.02395985 -0.00000000 -0.00296045
v -0.02397161 -0.00031820 -0.00309173
v -0.02300000 -0.00045000 -0.00347694
v -0.02301452 -0.00031820 -0.00379481
v -0.02302053 -0.00000000 -0.00392647
v -0.02301452 0.00031820 -0.00379481
v -0.02300000 0.00045000 -0.00347694
v -0.02298548 0.00031820 -0.00315908
v -0.02297947 -0.00000000 -0.00302741
v -0.02298548 -0.00031820 -0.00315908
v -0.02200000 -0.00045000 -0.00350000
v -0.02200000 -0.00031820 -0.00381820
v -0.02200000 -0.00000000 -0.00395000
v -0.02200000 0.00031820 -0.00381820
v -0.02200000 0.00045000 -0.00350000
v -0.02200000 0.00031820 -0.00318180
v -0.02200000 -0.00000000 -0.00305000
v -0.02200000 -0.00031820 -0.00318180
v -0.02100000 -0.00045000 -0.00347694
v -0.02098548 -0.00031820 -0.00379481
v -0.02097947 -0.00000000 -0.00392647
v -0.02098548 0.00031820 -0.00379481
v -0.02100000 0.00045000 -0.00347694
v -0.02101452 0.00031820 -0.00315908
v -0.02102053 -0.00000000 -0.00302741
v -0.02101452 -0.00031820 -0.00315908
v -0.02000000 -0.00045000 -0.00340866
v -0.01997161 -0.00031820 -0.00372558
v -0.01995985 -0.00000000 -0.00385686
v -0.01997161 0.00031820 -0.00372558
v -0.02000000 0.00045000 -0.00340866
v -0.02002839 0.00031820 -0.00309173
v -0.02004015 -0.00000000 -0.00296045
v -0.02002839 -0.00031820 -0.00309173
v -0.01900000 -0.00045000 -0.00329776
v -0.01895896 -0.00031820 -0.00361330
v -0.01894196 -0.00000000 -0.00374400
v -0.01895896 0.00031820 -0.00361330
v -0.01900000 0.00045000 -0.00329776
v -0.01904104 0.00031820 -0.00298222
v -0.01905804 -0.00000000 -0.00285152
v -0.01904104 -0.00031820 -0.00298222
v -0.01800000 -0.00045000 -0.00314853
v -0.01794803 -0.00031820 -0.00346245
v -0.01792651 -0.00000000 -0.00359249
v -0.01794803 0.00031820 -0.00346245
v -0.01800000 0.00045000 -0.00314853
v -0.01805197 0.00031820 -0.00283460
v -0.01807349 -0.00000000 -0.00270457
v -0.01805197 -0.00031820 -0.00283460
v -0.01700000 -0.00045000 -0.00296668
v -0.01693920 -0.00031820 -0.00327902
v -0.01691402 -0.00000000 -0.00340839
v -0.01693920 0.00031820 -0.00327902
v -0.01700000 0.00045000 -0.00296668
v -0.01706080 0.00031820 -0.00265435
v -0.01708598 -0.00000000 -0.00252497
v -0.01706080 -0.00031820 -0.00265435
v -0.01600000 -0.00045000 -0.00275922
v -0.01593273 -0.00031820 -0.00307023
v -0.01590487 -0.00000000 -0.00319905
v -0.01593273 0.00031820 -0.00307023
v -0.01600000 0.00045000 -0.00275922
v -0.01606727 0.00031820 -0.00244821
v -0.01609513 -0.00000000 -0.00231939
v -0.01606727 -0.00031820 -0.00244821
v -0.01500000 -0.00045000 -0.00253411
v -0.01492879 -0.00031820 -0.00284424
v -0.01489930 -0.00000000 -0.00297270
v -0.01492879 0.00031820 -0.00284424
v -0.01500000 0.00045000 -0.00253411
v -0.01507121 0.00031820 -0.00222398
v -0.01510070 -0.00000000 -0.00209552
v -0.01507121 -0.00031820 -0.00222398
v -0.01400000 -0.00045000 -0.00230000
v -0.01392747 -0.00031820 -0.00260982
v -0.01389742 -0.00000000 -0.00273815
v -0.01392747 0.00031820 -0.00260982
v -0.01400000 0.00045000 -0.00230000
v -0.01407253 0.00031820 -0.00199018
v -0.01410258 -0.00000000 -0.00186185
v -0.01407253 -0.00031820 -0.00199018
v 0.02010000 -0.00250000 0.00000000
v 0.02010000 -0.00241481 -0.00064705
v 0.02010000 -0.00216506 -0.00125000
v 0.02010000 -0.00176777 -0.00176777
v 0.02010000 -0.00125000 -0.00216506
v 0.02010000 -0.00064705 -0.00241481
v 0.02010000 -0.00000000 -0.00250000
v 0.02010000 0.00064705 -0.00241481
v 0.02010000 0.00125000 -0.00216506
v 0.02010000 0.00176777 -0.00176777
v 0.02010000 0.00216506 -0.00125000
v 0.02010000 0.00241481 -0.00064705
v 0.02010000 0.00250000 -0.00000000
v 0.02010000 0.00241481 0.00064705
v 0.02010000 0.00216506 0.00125000
v 0.02010000 0.00176777 0.00176777
v 0.02010000 0.00125000 0.00216506
v 0.02010000 0.00064705 0.00241481
v 0.02010000 0.00000000 0.00250000
v 0.02010000 -0.00064705 0.00241481
v 0.02010000 -0.00125000 0.00216506
v 0.02010000 -0.00176777 0.00176777
v 0.02010000 -0.00216506 0.00125000
v 0.02010000 -0.00241481 0.00064705
v 0.02020000 -0.00250000 0.00000000
v 0.02020000 -0.00241481 -0.00064705
v 0.02020000 -0.00216506 -0.00125000
v 0.02020000 -0.00176777 -0.00176777
v 0.02020000 -0.00125000 -0.00216506
v 0.02020000 -0.00064705 -0.00241481
v 0.02020000 -0.00000000 -0.00250000
v 0.02020000 0.00064705 -0.00241481
v 0.02020000 0.00125000 -0.00216506
v 0.02020000 0.00176777 -0.00176777
v 0.02020000 0.00216506 -0.00125000
v 0.02020000 0.00241481 -0.00064705
v 0.02020000 0.00250000 -0.00000000
v 0.02020000 0.00241481 0.00064705
v 0.02020000 0.00216506 0.00125000
v 0.02020000 0.00176777 0.00176777
v 0.02020000 0.00125000 0.00216506
v 0.02020000 0.00064705 0.00241481
v 0.02020000 0.00000000 0.00250000
v 0.02020000 -0.00064705 0.00241481
v 0.02020000 -0.00125000 0.00216506
v 0.02020000 -0.00176777 0.00176777
v 0.02020000 -0.00216506 0.00125000
v 0.02020000 -0.00241481 0.00064705
o Red_Cable_S_Bend
usemtl Red_Insulation
f 1 2 18 17
f 2 3 19 18
f 3 4 20 19
f 4 5 21 20
f 5 6 22 21
f 6 7 23 22
f 7 8 24 23
f 8 9 25 24
f 9 10 26 25
f 10 11 27 26
f 11 12 28 27
f 12 13 29 28
f 13 14 30 29
f 14 15 31 30
f 15 16 32 31
f 16 1 17 32
f 17 18 34 33
f 18 19 35 34
f 19 20 36 35
f 20 21 37 36
f 21 22 38 37
f 22 23 39 38
f 23 24 40 39
f 24 25 41 40
f 25 26 42 41
f 26 27 43 42
f 27 28 44 43
f 28 29 45 44
f 29 30 46 45
f 30 31 47 46
f 31 32 48 47
f 32 17 33 48
f 33 34 50 49
f 34 35 51 50
f 35 36 52 51
f 36 37 53 52
f 37 38 54 53
f 38 39 55 54
f 39 40 56 55
f 40 41 57 56
f 41 42 58 57
f 42 43 59 58
f 43 44 60 59
f 44 45 61 60
f 45 46 62 61
f 46 47 63 62
f 47 48 64 63
f 48 33 49 64
f 49 50 66 65
f 50 51 67 66
f 51 52 68 67
f 52 53 69 68
f 53 54 70 69
f 54 55 71 70
f 55 56 72 71
f 56 57 73 72
f 57 58 74 73
f 58 59 75 74
f 59 60 76 75
f 60 61 77 76
f 61 62 78 77
f 62 63 79 78
f 63 64 80 79
f 64 49 65 80
f 65 66 82 81
f 66 67 83 82
f 67 68 84 83
f 68 69 85 84
f 69 70 86 85
f 70 71 87 86
f 71 72 88 87
f 72 73 89 88
f 73 74 90 89
f 74 75 91 90
f 75 76 92 91
f 76 77 93 92
f 77 78 94 93
f 78 79 95 94
f 79 80 96 95
f 80 65 81 96
f 81 82 98 97
f 82 83 99 98
f 83 84 100 99
f 84 85 101 100
f 85 86 102 101
f 86 87 103 102
f 87 88 104 103
f 88 89 105 104
f 89 90 106 105
f 90 91 107 106
f 91 92 108 107
f 92 93 109 108
f 93 94 110 109
f 94 95 111 110
f 95 96 112 111
f 96 81 97 112
f 97 98 114 113
f 98 99 115 114
f 99 100 116 115
f 100 101 117 116
f 101 102 118 117
f 102 103 119 118
f 103 104 120 119
f 104 105 121 120
f 105 106 122 121
f 106 107 123 122
f 107 108 124 123
f 108 109 125 124
f 109 110 126 125
f 110 111 127 126
f 111 112 128 127
f 112 97 113 128
f 113 114 130 129
f 114 115 131 130
f 115 116 132 131
f 116 117 133 132
f 117 118 134 133
f 118 119 135 134
f 119 120 136 135
f 120 121 137 136
f 121 122 138 137
f 122 123 139 138
f 123 124 140 139
f 124 125 141 140
f 125 126 142 141
f 126 127 143 142
f 127 128 144 143
f 128 113 129 144
f 129 130 146 145
f 130 131 147 146
f 131 132 148 147
f 132 133 149 148
f 133 134 150 149
f 134 135 151 150
f 135 136 152 151
f 136 137 153 152
f 137 138 154 153
f 138 139 155 154
f 139 140 156 155
f 140 141 157 156
f 141 142 158 157
f 142 143 159 158
f 143 144 160 159
f 144 129 145 160
f 145 146 162 161
f 146 147 163 162
f 147 148 164 163
f 148 149 165 164
f 149 150 166 165
f 150 151 167 166
f 151 152 168 167
f 152 153 169 168
f 153 154 170 169
f 154 155 171 170
f 155 156 172 171
f 156 157 173 172
f 157 158 174 173
f 158 159 175 174
f 159 160 176 175
f 160 145 161 176
f 161 162 178 177
f 162 163 179 178
f 163 164 180 179
f 164 165 181 180
f 165 166 182 181
f 166 167 183 182
f 167 168 184 183
f 168 169 185 184
f 169 170 186 185
f 170 171 187 186
f 171 172 188 187
f 172 173 189 188
f 173 174 190 189
f 174 175 191 190
f 175 176 192 191
f 176 161 177 192
f 177 178 194 193
f 178 179 195 194
f 179 180 196 195
f 180 181 197 196
f 181 182 198 197
f 182 183 199 198
f 183 184 200 199
f 184 185 201 200
f 185 186 202 201
f 186 187 203 202
f 187 188 204 203
f 188 189 205 204
f 189 190 206 205
f 190 191 207 206
f 191 192 208 207
f 192 177 193 208
f 193 194 210 209
f 194 195 211 210
f 195 196 212 211
f 196 197 213 212
f 197 198 214 213
f 198 199 215 214
f 199 200 216 215
f 200 201 217 216
f 201 202 218 217
f 202 203 219 218
f 203 204 220 219
f 204 205 221 220
f 205 206 222 221
f 206 207 223 222
f 207 208 224 223
f 208 193 209 224
f 209 210 226 225
f 210 211 227 226
f 211 212 228 227
f 212 213 229 228
f 213 214 230 229
f 214 215 231 230
f 215 216 232 231
f 216 217 233 232
f 217 218 234 233
f 218 219 235 234
f 219 220 236 235
f 220 221 237 236
f 221 222 238 237
f 222 223 239 238
f 223 224 240 239
f 224 209 225 240
f 225 226 242 241
f 226 227 243 242
f 227 228 244 243
f 228 229 245 244
f 229 230 246 245
f 230 231 247 246
f 231 232 248 247
f 232 233 249 248
f 233 234 250 249
f 234 235 251 250
f 235 236 252 251
f 236 237 253 252
f 237 238 254 253
f 238 239 255 254
f 239 240 256 255
f 240 225 241 256
f 241 242 258 257
f 242 243 259 258
f 243 244 260 259
f 244 245 261 260
f 245 246 262 261
f 246 247 263 262
f 247 248 264 263
f 248 249 265 264
f 249 250 266 265
f 250 251 267 266
f 251 252 268 267
f 252 253 269 268
f 253 254 270 269
f 254 255 271 270
f 255 256 272 271
f 256 241 257 272
f 257 258 274 273
f 258 259 275 274
f 259 260 276 275
f 260 261 277 276
f 261 262 278 277
f 262 263 279 278
f 263 264 280 279
f 264 265 281 280
f 265 266 282 281
f 266 267 283 282
f 267 268 284 283
f 268 269 285 284
f 269 270 286 285
f 270 271 287 286
f 271 272 288 287
f 272 257 273 288
f 273 274 290 289
f 274 275 291 290
f 275 276 292 291
f 276 277 293 292
f 277 278 294 293
f 278 279 295 294
f 279 280 296 295
f 280 281 297 296
f 281 282 298 297
f 282 283 299 298
f 283 284 300 299
f 284 285 301 300
f 285 286 302 301
f 286 287 303 302
f 287 288 304 303
f 288 273 289 304
f 289 290 306 305
f 290 291 307 306
f 291 292 308 307
f 292 293 309 308
f 293 294 310 309
f 294 295 311 310
f 295 296 312 311
f 296 297 313 312
f 297 298 314 313
f 298 299 315 314
f 299 300 316 315
f 300 301 317 316
f 301 302 318 317
f 302 303 319 318
f 303 304 320 319
f 304 289 305 320
f 305 306 322 321
f 306 307 323 322
f 307 308 324 323
f 308 309 325 324
f 309 310 326 325
f 310 311 327 326
f 311 312 328 327
f 312 313 329 328
f 313 314 330 329
f 314 315 331 330
f 315 316 332 331
f 316 317 333 332
f 317 318 334 333
f 318 319 335 334
f 319 320 336 335
f 320 305 321 336
f 321 322 338 337
f 322 323 339 338
f 323 324 340 339
f 324 325 341 340
f 325 326 342 341
f 326 327 343 342
f 327 328 344 343
f 328 329 345 344
f 329 330 346 345
f 330 331 347 346
f 331 332 348 347
f 332 333 349 348
f 333 334 350 349
f 334 335 351 350
f 335 336 352 351
f 336 321 337 352
f 337 338 354 353
f 338 339 355 354
f 339 340 356 355
f 340 341 357 356
f 341 342 358 357
f 342 343 359 358
f 343 344 360 359
f 344 345 361 360
f 345 346 362 361
f 346 347 363 362
f 347 348 364 363
f 348 349 365 364
f 349 350 366 365
f 350 351 367 366
f 351 352 368 367
f 352 337 353 368
f 353 354 370 369
f 354 355 371 370
f 355 356 372 371
f 356 357 373 372
f 357 358 374 373
f 358 359 375 374
f 359 360 376 375
f 360 361 377 376
f 361 362 378 377
f 362 363 379 378
f 363 364 380 379
f 364 365 381 380
f 365 366 382 381
f 366 367 383 382
f 367 368 384 383
f 368 353 369 384
f 369 370 386 385
f 370 371 387 386
f 371 372 388 387
f 372 373 389 388
f 373 374 390 389
f 374 375 391 390
f 375 376 392 391
f 376 377 393 392
f 377 378 394 393
f 378 379 395 394
f 379 380 396 395
f 380 381 397 396
f 381 382 398 397
f 382 383 399 398
f 383 384 400 399
f 384 369 385 400
f 385 386 402 401
f 386 387 403 402
f 387 388 404 403
f 388 389 405 404
f 389 390 406 405
f 390 391 407 406
f 391 392 408 407
f 392 393 409 408
f 393 394 410 409
f 394 395 411 410
f 395 396 412 411
f 396 397 413 412
f 397 398 414 413
f 398 399 415 414
f 399 400 416 415
f 400 385 401 416
f 401 402 418 417
f 402 403 419 418
f 403 404 420 419
f 404 405 421 420
f 405 406 422 421
f 406 407 423 422
f 407 408 424 423
f 408 409 425 424
f 409 410 426 425
f 410 411 427 426
f 411 412 428 427
f 412 413 429 428
f 413 414 430 429
f 414 415 431 430
f 415 416 432 431
f 416 401 417 432
f 417 418 434 433
f 418 419 435 434
f 419 420 436 435
f 420 421 437 436
f 421 422 438 437
f 422 423 439 438
f 423 424 440 439
f 424 425 441 440
f 425 426 442 441
f 426 427 443 442
f 427 428 444 443
f 428 429 445 444
f 429 430 446 445
f 430 431 447 446
f 431 432 448 447
f 432 417 433 448
f 433 434 450 449
f 434 435 451 450
f 435 436 452 451
f 436 437 453 452
f 437 438 454 453
f 438 439 455 454
f 439 440 456 455
f 440 441 457 456
f 441 442 458 457
f 442 443 459 458
f 443 444 460 459
f 444 445 461 460
f 445 446 462 461
f 446 447 463 462
f 447 448 464 463
f 448 433 449 464
f 449 450 466 465
f 450 451 467 466
f 451 452 468 467
f 452 453 469 468
f 453 454 470 469
f 454 455 471 470
f 455 456 472 471
f 456 457 473 472
f 457 458 474 473
f 458 459 475 474
f 459 460 476 475
f 460 461 477 476
f 461 462 478 477
f 462 463 479 478
f 463 464 480 479
f 464 449 465 480
f 465 466 482 481
f 466 467 483 482
f 467 468 484 483
f 468 469 485 484
f 469 470 486 485
f 470 471 487 486
f 471 472 488 487
f 472 473 489 488
f 473 474 490 489
f 474 475 491 490
f 475 476 492 491
f 476 477 493 492
f 477 478 494 493
f 478 479 495 494
f 479 480 496 495
f 480 465 481 496
f 481 482 498 497
f 482 483 499 498
f 483 484 500 499
f 484 485 501 500
f 485 486 502 501
f 486 487 503 502
f 487 488 504 503
f 488 489 505 504
f 489 490 506 505
f 490 491 507 506
f 491 492 508 507
f 492 493 509 508
f 493 494 510 509
f 494 495 511 510
f 495 496 512 511
f 496 481 497 512
f 497 498 514 513
f 498 499 515 514
f 499 500 516 515
f 500 501 517 516
f 501 502 518 517
f 502 503 519 518
f 503 504 520 519
f 504 505 521 520
f 505 506 522 521
f 506 507 523 522
f 507 508 524 523
f 508 509 525 524
f 509 510 526 525
f 510 511 527 526
f 511 512 528 527
f 512 497 513 528
f 513 514 530 529
f 514 515 531 530
f 515 516 532 531
f 516 517 533 532
f 517 518 534 533
f 518 519 535 534
f 519 520 536 535
f 520 521 537 536
f 521 522 538 537
f 522 523 539 538
f 523 524 540 539
f 524 525 541 540
f 525 526 542 541
f 526 527 543 542
f 527 528 544 543
f 528 513 529 544
f 529 530 546 545
f 530 531 547 546
f 531 532 548 547
f 532 533 549 548
f 533 534 550 549
f 534 535 551 550
f 535 536 552 551
f 536 537 553 552
f 537 538 554 553
f 538 539 555 554
f 539 540 556 555
f 540 541 557 556
f 541 542 558 557
f 542 543 559 558
f 543 544 560 559
f 544 529 545 560
f 545 546 562 561
f 546 547 563 562
f 547 548 564 563
f 548 549 565 564
f 549 550 566 565
f 550 551 567 566
f 551 552 568 567
f 552 553 569 568
f 553 554 570 569
f 554 555 571 570
f 555 556 572 571
f 556 557 573 572
f 557 558 574 573
f 558 559 575 574
f 559 560 576 575
f 560 545 561 576
f 561 562 578 577
f 562 563 579 578
f 563 564 580 579
f 564 565 581 580
f 565 566 582 581
f 566 567 583 582
f 567 568 584 583
f 568 569 585 584
f 569 570 586 585
f 570 571 587 586
f 571 572 588 587
f 572 573 589 588
f 573 574 590 589
f 574 575 591 590
f 575 576 592 591
f 576 561 577 592
f 577 578 594 593
f 578 579 595 594
f 579 580 596 595
f 580 581 597 596
f 581 582 598 597
f 582 583 599 598
f 583 584 600 599
f 584 585 601 600
f 585 586 602 601
f 586 587 603 602
f 587 588 604 603
f 588 589 605 604
f 589 590 606 605
f 590 591 607 606
f 591 592 608 607
f 592 577 593 608
f 593 594 610 609
f 594 595 611 610
f 595 596 612 611
f 596 597 613 612
f 597 598 614 613
f 598 599 615 614
f 599 600 616 615
f 600 601 617 616
f 601 602 618 617
f 602 603 619 618
f 603 604 620 619
f 604 605 621 620
f 605 606 622 621
f 606 607 623 622
f 607 608 624 623
f 608 593 609 624
f 609 610 626 625
f 610 611 627 626
f 611 612 628 627
f 612 613 629 628
f 613 614 630 629
f 614 615 631 630
f 615 616 632 631
f 616 617 633 632
f 617 618 634 633
f 618 619 635 634
f 619 620 636 635
f 620 621 637 636
f 621 622 638 637
f 622 623 639 638
f 623 624 640 639
f 624 609 625 640
f 625 626 642 641
f 626 627 643 642
f 627 628 644 643
f 628 629 645 644
f 629 630 646 645
f 630 631 647 646
f 631 632 648 647
f 632 633 649 648
f 633 634 650 649
f 634 635 651 650
f 635 636 652 651
f 636 637 653 652
f 637 638 654 653
f 638 639 655 654
f 639 640 656 655
f 640 625 641 656
f 641 642 658 657
f 642 643 659 658
f 643 644 660 659
f 644 645 661 660
f 645 646 662 661
f 646 647 663 662
f 647 648 664 663
f 648 649 665 664
f 649 650 666 665
f 650 651 667 666
f 651 652 668 667
f 652 653 669 668
f 653 654 670 669
f 654 655 671 670
f 655 656 672 671
f 656 641 657 672
f 657 658 674 673
f 658 659 675 674
f 659 660 676 675
f 660 661 677 676
f 661 662 678 677
f 662 663 679 678
f 663 664 680 679
f 664 665 681 680
f 665 666 682 681
f 666 667 683 682
f 667 668 684 683
f 668 669 685 684
f 669 670 686 685
f 670 671 687 686
f 671 672 688 687
f 672 657 673 688
f 673 674 690 689
f 674 675 691 690
f 675 676 692 691
f 676 677 693 692
f 677 678 694 693
f 678 679 695 694
f 679 680 696 695
f 680 681 697 696
f 681 682 698 697
f 682 683 699 698
f 683 684 700 699
f 684 685 701 700
f 685 686 702 701
f 686 687 703 702
f 687 688 704 703
f 688 673 689 704
f 689 690 706 705
f 690 691 707 706
f 691 692 708 707
f 692 693 709 708
f 693 694 710 709
f 694 695 711 710
f 695 696 712 711
f 696 697 713 712
f 697 698 714 713
f 698 699 715 714
f 699 700 716 715
f 700 701 717 716
f 701 702 718 717
f 702 703 719 718
f 703 704 720 719
f 704 689 705 720
f 705 706 722 721
f 706 707 723 722
f 707 708 724 723
f 708 709 725 724
f 709 710 726 725
f 710 711 727 726
f 711 712 728 727
f 712 713 729 728
f 713 714 730 729
f 714 715 731 730
f 715 716 732 731
f 716 717 733 732
f 717 718 734 733
f 718 719 735 734
f 719 720 736 735
f 720 705 721 736
f 721 722 738 737
f 722 723 739 738
f 723 724 740 739
f 724 725 741 740
f 725 726 742 741
f 726 727 743 742
f 727 728 744 743
f 728 729 745 744
f 729 730 746 745
f 730 731 747 746
f 731 732 748 747
f 732 733 749 748
f 733 734 750 749
f 734 735 751 750
f 735 736 752 751
f 736 721 737 752
f 737 738 754 753
f 738 739 755 754
f 739 740 756 755
f 740 741 757 756
f 741 742 758 757
f 742 743 759 758
f 743 744 760 759
f 744 745 761 760
f 745 746 762 761
f 746 747 763 762
f 747 748 764 763
f 748 749 765 764
f 749 750 766 765
f 750 751 767 766
f 751 752 768 767
f 752 737 753 768
f 753 754 770 769
f 754 755 771 770
f 755 756 772 771
f 756 757 773 772
f 757 758 774 773
f 758 759 775 774
f 759 760 776 775
f 760 761 777 776
f 761 762 778 777
f 762 763 779 778
f 763 764 780 779
f 764 765 781 780
f 765 766 782 781
f 766 767 783 782
f 767 768 784 783
f 768 753 769 784
f 769 770 786 785
f 770 771 787 786
f 771 772 788 787
f 772 773 789 788
f 773 774 790 789
f 774 775 791 790
f 775 776 792 791
f 776 777 793 792
f 777 778 794 793
f 778 779 795 794
f 779 780 796 795
f 780 781 797 796
f 781 782 798 797
f 782 783 799 798
f 783 784 800 799
f 784 769 785 800
f 785 786 802 801
f 786 787 803 802
f 787 788 804 803
f 788 789 805 804
f 789 790 806 805
f 790 791 807 806
f 791 792 808 807
f 792 793 809 808
f 793 794 810 809
f 794 795 811 810
f 795 796 812 811
f 796 797 813 812
f 797 798 814 813
f 798 799 815 814
f 799 800 816 815
f 800 785 801 816
f 801 802 818 817
f 802 803 819 818
f 803 804 820 819
f 804 805 821 820
f 805 806 822 821
f 806 807 823 822
f 807 808 824 823
f 808 809 825 824
f 809 810 826 825
f 810 811 827 826
f 811 812 828 827
f 812 813 829 828
f 813 814 830 829
f 814 815 831 830
f 815 816 832 831
f 816 801 817 832
f 817 818 834 833
f 818 819 835 834
f 819 820 836 835
f 820 821 837 836
f 821 822 838 837
f 822 823 839 838
f 823 824 840 839
f 824 825 841 840
f 825 826 842 841
f 826 827 843 842
f 827 828 844 843
f 828 829 845 844
f 829 830 846 845
f 830 831 847 846
f 831 832 848 847
f 832 817 833 848
f 833 834 850 849
f 834 835 851 850
f 835 836 852 851
f 836 837 853 852
f 837 838 854 853
f 838 839 855 854
f 839 840 856 855
f 840 841 857 856
f 841 842 858 857
f 842 843 859 858
f 843 844 860 859
f 844 845 861 860
f 845 846 862 861
f 846 847 863 862
f 847 848 864 863
f 848 833 849 864
f 849 850 866 865
f 850 851 867 866
f 851 852 868 867
f 852 853 869 868
f 853 854 870 869
f 854 855 871 870
f 855 856 872 871
f 856 857 873 872
f 857 858 874 873
f 858 859 875 874
f 859 860 876 875
f 860 861 877 876
f 861 862 878 877
f 862 863 879 878
f 863 864 880 879
f 864 849 865 880
f 865 866 882 881
f 866 867 883 882
f 867 868 884 883
f 868 869 885 884
f 869 870 886 885
f 870 871 887 886
f 871 872 888 887
f 872 873 889 888
f 873 874 890 889
f 874 875 891 890
f 875 876 892 891
f 876 877 893 892
f 877 878 894 893
f 878 879 895 894
f 879 880 896 895
f 880 865 881 896
f 881 882 898 897
f 882 883 899 898
f 883 884 900 899
f 884 885 901 900
f 885 886 902 901
f 886 887 903 902
f 887 888 904 903
f 888 889 905 904
f 889 890 906 905
f 890 891 907 906
f 891 892 908 907
f 892 893 909 908
f 893 894 910 909
f 894 895 911 910
f 895 896 912 911
f 896 881 897 912
f 897 898 914 913
f 898 899 915 914
f 899 900 916 915
f 900 901 917 916
f 901 902 918 917
f 902 903 919 918
f 903 904 920 919
f 904 905 921 920
f 905 906 922 921
f 906 907 923 922
f 907 908 924 923
f 908 909 925 924
f 909 910 926 925
f 910 911 927 926
f 911 912 928 927
f 912 897 913 928
f 913 914 930 929
f 914 915 931 930
f 915 916 932 931
f 916 917 933 932
f 917 918 934 933
f 918 919 935 934
f 919 920 936 935
f 920 921 937 936
f 921 922 938 937
f 922 923 939 938
f 923 924 940 939
f 924 925 941 940
f 925 926 942 941
f 926 927 943 942
f 927 928 944 943
f 928 913 929 944
f 929 930 946 945
f 930 931 947 946
f 931 932 948 947
f 932 933 949 948
f 933 934 950 949
f 934 935 951 950
f 935 936 952 951
f 936 937 953 952
f 937 938 954 953
f 938 939 955 954
f 939 940 956 955
f 940 941 957 956
f 941 942 958 957
f 942 943 959 958
f 943 944 960 959
f 944 929 945 960
f 945 946 962 961
f 946 947 963 962
f 947 948 964 963
f 948 949 965 964
f 949 950 966 965
f 950 951 967 966
f 951 952 968 967
f 952 953 969 968
f 953 954 970 969
f 954 955 971 970
f 955 956 972 971
f 956 957 973 972
f 957 958 974 973
f 958 959 975 974
f 959 960 976 975
f 960 945 961 976
f 961 962 978 977
f 962 963 979 978
f 963 964 980 979
f 964 965 981 980
f 965 966 982 981
f 966 967 983 982
f 967 968 984 983
f 968 969 985 984
f 969 970 986 985
f 970 971 987 986
f 971 972 988 987
f 972 973 989 988
f 973 974 990 989
f 974 975 991 990
f 975 976 992 991
f 976 961 977 992
f 977 978 994 993
f 978 979 995 994
f 979 980 996 995
f 980 981 997 996
f 981 982 998 997
f 982 983 999 998
f 983 984 1000 999
f 984 985 1001 1000
f 985 986 1002 1001
f 986 987 1003 1002
f 987 988 1004 1003
f 988 989 1005 1004
f 989 990 1006 1005
f 990 991 1007 1006
f 991 992 1008 1007
f 992 977 993 1008
f 993 994 1010 1009
f 994 995 1011 1010
f 995 996 1012 1011
f 996 997 1013 1012
f 997 998 1014 1013
f 998 999 1015 1014
f 999 1000 1016 1015
f 1000 1001 1017 1016
f 1001 1002 1018 1017
f 1002 1003 1019 1018
f 1003 1004 1020 1019
f 1004 1005 1021 1020
f 1005 1006 1022 1021
f 1006 1007 1023 1022
f 1007 1008 1024 1023
f 1008 993 1009 1024
f 1009 1010 1026 1025
f 1010 1011 1027 1026
f 1011 1012 1028 1027
f 1012 1013 1029 1028
f 1013 1014 1030 1029
f 1014 1015 1031 1030
f 1015 1016 1032 1031
f 1016 1017 1033 1032
f 1017 1018 1034 1033
f 1018 1019 1035 1034
f 1019 1020 1036 1035
f 1020 1021 1037 1036
f 1021 1022 1038 1037
f 1022 1023 1039 1038
f 1023 1024 1040 1039
f 1024 1009 1025 1040
f 1025 1026 1042 1041
f 1026 1027 1043 1042
f 1027 1028 1044 1043
f 1028 1029 1045 1044
f 1029 1030 1046 1045
f 1030 1031 1047 1046
f 1031 1032 1048 1047
f 1032 1033 1049 1048
f 1033 1034 1050 1049
f 1034 1035 1051 1050
f 1035 1036 1052 1051
f 1036 1037 1053 1052
f 1037 1038 1054 1053
f 1038 1039 1055 1054
f 1039 1040 1056 1055
f 1040 1025 1041 1056
f 1041 1042 1058 1057
f 1042 1043 1059 1058
f 1043 1044 1060 1059
f 1044 1045 1061 1060
f 1045 1046 1062 1061
f 1046 1047 1063 1062
f 1047 1048 1064 1063
f 1048 1049 1065 1064
f 1049 1050 1066 1065
f 1050 1051 1067 1066
f 1051 1052 1068 1067
f 1052 1053 1069 1068
f 1053 1054 1070 1069
f 1054 1055 1071 1070
f 1055 1056 1072 1071
f 1056 1041 1057 1072
f 1057 1058 1074 1073
f 1058 1059 1075 1074
f 1059 1060 1076 1075
f 1060 1061 1077 1076
f 1061 1062 1078 1077
f 1062 1063 1079 1078
f 1063 1064 1080 1079
f 1064 1065 1081 1080
f 1065 1066 1082 1081
f 1066 1067 1083 1082
f 1067 1068 1084 1083
f 1068 1069 1085 1084
f 1069 1070 1086 1085
f 1070 1071 1087 1086
f 1071 1072 1088 1087
f 1072 1057 1073 1088
f 1073 1074 1090 1089
f 1074 1075 1091 1090
f 1075 1076 1092 1091
f 1076 1077 1093 1092
f 1077 1078 1094 1093
f 1078 1079 1095 1094
f 1079 1080 1096 1095
f 1080 1081 1097 1096
f 1081 1082 1098 1097
f 1082 1083 1099 1098
f 1083 1084 1100 1099
f 1084 1085 1101 1100
f 1085 1086 1102 1101
f 1086 1087 1103 1102
f 1087 1088 1104 1103
f 1088 1073 1089 1104
f 1089 1090 1106 1105
f 1090 1091 1107 1106
f 1091 1092 1108 1107
f 1092 1093 1109 1108
f 1093 1094 1110 1109
f 1094 1095 1111 1110
f 1095 1096 1112 1111
f 1096 1097 1113 1112
f 1097 1098 1114 1113
f 1098 1099 1115 1114
f 1099 1100 1116 1115
f 1100 1101 1117 1116
f 1101 1102 1118 1117
f 1102 1103 1119 1118
f 1103 1104 1120 1119
f 1104 1089 1105 1120
f 1105 1106 1122 1121
f 1106 1107 1123 1122
f 1107 1108 1124 1123
f 1108 1109 1125 1124
f 1109 1110 1126 1125
f 1110 1111 1127 1126
f 1111 1112 1128 1127
f 1112 1113 1129 1128
f 1113 1114 1130 1129
f 1114 1115 1131 1130
f 1115 1116 1132 1131
f 1116 1117 1133 1132
f 1117 1118 1134 1133
f 1118 1119 1135 1134
f 1119 1120 1136 1135
f 1120 1105 1121 1136
f 1121 1122 1138 1137
f 1122 1123 1139 1138
f 1123 1124 1140 1139
f 1124 1125 1141 1140
f 1125 1126 1142 1141
f 1126 1127 1143 1142
f 1127 1128 1144 1143
f 1128 1129 1145 1144
f 1129 1130 1146 1145
f 1130 1131 1147 1146
f 1131 1132 1148 1147
f 1132 1133 1149 1148
f 1133 1134 1150 1149
f 1134 1135 1151 1150
f 1135 1136 1152 1151
f 1136 1121 1137 1152
f 1137 1138 1154 1153
f 1138 1139 1155 1154
f 1139 1140 1156 1155
f 1140 1141 1157 1156
f 1141 1142 1158 1157
f 1142 1143 1159 1158
f 1143 1144 1160 1159
f 1144 1145 1161 1160
f 1145 1146 1162 1161
f 1146 1147 1163 1162
f 1147 1148 1164 1163
f 1148 1149 1165 1164
f 1149 1150 1166 1165
f 1150 1151 1167 1166
f 1151 1152 1168 1167
f 1152 1137 1153 1168
f 1153 1154 1170 1169
f 1154 1155 1171 1170
f 1155 1156 1172 1171
f 1156 1157 1173 1172
f 1157 1158 1174 1173
f 1158 1159 1175 1174
f 1159 1160 1176 1175
f 1160 1161 1177 1176
f 1161 1162 1178 1177
f 1162 1163 1179 1178
f 1163 1164 1180 1179
f 1164 1165 1181 1180
f 1165 1166 1182 1181
f 1166 1167 1183 1182
f 1167 1168 1184 1183
f 1168 1153 1169 1184
f 1169 1170 1186 1185
f 1170 1171 1187 1186
f 1171 1172 1188 1187
f 1172 1173 1189 1188
f 1173 1174 1190 1189
f 1174 1175 1191 1190
f 1175 1176 1192 1191
f 1176 1177 1193 1192
f 1177 1178 1194 1193
f 1178 1179 1195 1194
f 1179 1180 1196 1195
f 1180 1181 1197 1196
f 1181 1182 1198 1197
f 1182 1183 1199 1198
f 1183 1184 1200 1199
f 1184 1169 1185 1200
f 1185 1186 1202 1201
f 1186 1187 1203 1202
f 1187 1188 1204 1203
f 1188 1189 1205 1204
f 1189 1190 1206 1205
f 1190 1191 1207 1206
f 1191 1192 1208 1207
f 1192 1193 1209 1208
f 1193 1194 1210 1209
f 1194 1195 1211 1210
f 1195 1196 1212 1211
f 1196 1197 1213 1212
f 1197 1198 1214 1213
f 1198 1199 1215 1214
f 1199 1200 1216 1215
f 1200 1185 1201 1216
f 1201 1202 1218 1217
f 1202 1203 1219 1218
f 1203 1204 1220 1219
f 1204 1205 1221 1220
f 1205 1206 1222 1221
f 1206 1207 1223 1222
f 1207 1208 1224 1223
f 1208 1209 1225 1224
f 1209 1210 1226 1225
f 1210 1211 1227 1226
f 1211 1212 1228 1227
f 1212 1213 1229 1228
f 1213 1214 1230 1229
f 1214 1215 1231 1230
f 1215 1216 1232 1231
f 1216 1201 1217 1232
f 1217 1218 1234 1233
f 1218 1219 1235 1234
f 1219 1220 1236 1235
f 1220 1221 1237 1236
f 1221 1222 1238 1237
f 1222 1223 1239 1238
f 1223 1224 1240 1239
f 1224 1225 1241 1240
f 1225 1226 1242 1241
f 1226 1227 1243 1242
f 1227 1228 1244 1243
f 1228 1229 1245 1244
f 1229 1230 1246 1245
f 1230 1231 1247 1246
f 1231 1232 1248 1247
f 1232 1217 1233 1248
f 1233 1234 1250 1249
f 1234 1235 1251 1250
f 1235 1236 1252 1251
f 1236 1237 1253 1252
f 1237 1238 1254 1253
f 1238 1239 1255 1254
f 1239 1240 1256 1255
f 1240 1241 1257 1256
f 1241 1242 1258 1257
f 1242 1243 1259 1258
f 1243 1244 1260 1259
f 1244 1245 1261 1260
f 1245 1246 1262 1261
f 1246 1247 1263 1262
f 1247 1248 1264 1263
f 1248 1233 1249 1264
f 1249 1250 1266 1265
f 1250 1251 1267 1266
f 1251 1252 1268 1267
f 1252 1253 1269 1268
f 1253 1254 1270 1269
f 1254 1255 1271 1270
f 1255 1256 1272 1271
f 1256 1257 1273 1272
f 1257 1258 1274 1273
f 1258 1259 1275 1274
f 1259 1260 1276 1275
f 1260 1261 1277 1276
f 1261 1262 1278 1277
f 1262 1263 1279 1278
f 1263 1264 1280 1279
f 1264 1249 1265 1280
f 1265 1266 1282 1281
f 1266 1267 1283 1282
f 1267 1268 1284 1283
f 1268 1269 1285 1284
f 1269 1270 1286 1285
f 1270 1271 1287 1286
f 1271 1272 1288 1287
f 1272 1273 1289 1288
f 1273 1274 1290 1289
f 1274 1275 1291 1290
f 1275 1276 1292 1291
f 1276 1277 1293 1292
f 1277 1278 1294 1293
f 1278 1279 1295 1294
f 1279 1280 1296 1295
f 1280 1265 1281 1296
f 1281 1282 1298 1297
f 1282 1283 1299 1298
f 1283 1284 1300 1299
f 1284 1285 1301 1300
f 1285 1286 1302 1301
f 1286 1287 1303 1302
f 1287 1288 1304 1303
f 1288 1289 1305 1304
f 1289 1290 1306 1305
f 1290 1291 1307 1306
f 1291 1292 1308 1307
f 1292 1293 1309 1308
f 1293 1294 1310 1309
f 1294 1295 1311 1310
f 1295 1296 1312 1311
f 1296 1281 1297 1312
f 1297 1298 1314 1313
f 1298 1299 1315 1314
f 1299 1300 1316 1315
f 1300 1301 1317 1316
f 1301 1302 1318 1317
f 1302 1303 1319 1318
f 1303 1304 1320 1319
f 1304 1305 1321 1320
f 1305 1306 1322 1321
f 1306 1307 1323 1322
f 1307 1308 1324 1323
f 1308 1309 1325 1324
f 1309 1310 1326 1325
f 1310 1311 1327 1326
f 1311 1312 1328 1327
f 1312 1297 1313 1328
f 1313 1314 1330 1329
f 1314 1315 1331 1330
f 1315 1316 1332 1331
f 1316 1317 1333 1332
f 1317 1318 1334 1333
f 1318 1319 1335 1334
f 1319 1320 1336 1335
f 1320 1321 1337 1336
f 1321 1322 1338 1337
f 1322 1323 1339 1338
f 1323 1324 1340 1339
f 1324 1325 1341 1340
f 1325 1326 1342 1341
f 1326 1327 1343 1342
f 1327 1328 1344 1343
f 1328 1313 1329 1344
f 1329 1330 1346 1345
f 1330 1331 1347 1346
f 1331 1332 1348 1347
f 1332 1333 1349 1348
f 1333 1334 1350 1349
f 1334 1335 1351 1350
f 1335 1336 1352 1351
f 1336 1337 1353 1352
f 1337 1338 1354 1353
f 1338 1339 1355 1354
f 1339 1340 1356 1355
f 1340 1341 1357 1356
f 1341 1342 1358 1357
f 1342 1343 1359 1358
f 1343 1344 1360 1359
f 1344 1329 1345 1360
f 1345 1346 1362 1361
f 1346 1347 1363 1362
f 1347 1348 1364 1363
f 1348 1349 1365 1364
f 1349 1350 1366 1365
f 1350 1351 1367 1366
f 1351 1352 1368 1367
f 1352 1353 1369 1368
f 1353 1354 1370 1369
f 1354 1355 1371 1370
f 1355 1356 1372 1371
f 1356 1357 1373 1372
f 1357 1358 1374 1373
f 1358 1359 1375 1374
f 1359 1360 1376 1375
f 1360 1345 1361 1376
f 1361 1362 1378 1377
f 1362 1363 1379 1378
f 1363 1364 1380 1379
f 1364 1365 1381 1380
f 1365 1366 1382 1381
f 1366 1367 1383 1382
f 1367 1368 1384 1383
f 1368 1369 1385 1384
f 1369 1370 1386 1385
f 1370 1371 1387 1386
f 1371 1372 1388 1387
f 1372 1373 1389 1388
f 1373 1374 1390 1389
f 1374 1375 1391 1390
f 1375 1376 1392 1391
f 1376 1361 1377 1392
f 1377 1378 1394 1393
f 1378 1379 1395 1394
f 1379 1380 1396 1395
f 1380 1381 1397 1396
f 1381 1382 1398 1397
f 1382 1383 1399 1398
f 1383 1384 1400 1399
f 1384 1385 1401 1400
f 1385 1386 1402 1401
f 1386 1387 1403 1402
f 1387 1388 1404 1403
f 1388 1389 1405 1404
f 1389 1390 1406 1405
f 1390 1391 1407 1406
f 1391 1392 1408 1407
f 1392 1377 1393 1408
f 1393 1394 1410 1409
f 1394 1395 1411 1410
f 1395 1396 1412 1411
f 1396 1397 1413 1412
f 1397 1398 1414 1413
f 1398 1399 1415 1414
f 1399 1400 1416 1415
f 1400 1401 1417 1416
f 1401 1402 1418 1417
f 1402 1403 1419 1418
f 1403 1404 1420 1419
f 1404 1405 1421 1420
f 1405 1406 1422 1421
f 1406 1407 1423 1422
f 1407 1408 1424 1423
f 1408 1393 1409 1424
f 1409 1410 1426 1425
f 1410 1411 1427 1426
f 1411 1412 1428 1427
f 1412 1413 1429 1428
f 1413 1414 1430 1429
f 1414 1415 1431 1430
f 1415 1416 1432 1431
f 1416 1417 1433 1432
f 1417 1418 1434 1433
f 1418 1419 1435 1434
f 1419 1420 1436 1435
f 1420 1421 1437 1436
f 1421 1422 1438 1437
f 1422 1423 1439 1438
f 1423 1424 1440 1439
f 1424 1409 1425 1440
f 1425 1426 1442 1441
f 1426 1427 1443 1442
f 1427 1428 1444 1443
f 1428 1429 1445 1444
f 1429 1430 1446 1445
f 1430 1431 1447 1446
f 1431 1432 1448 1447
f 1432 1433 1449 1448
f 1433 1434 1450 1449
f 1434 1435 1451 1450
f 1435 1436 1452 1451
f 1436 1437 1453 1452
f 1437 1438 1454 1453
f 1438 1439 1455 1454
f 1439 1440 1456 1455
f 1440 1425 1441 1456
f 1441 1442 1458 1457
f 1442 1443 1459 1458
f 1443 1444 1460 1459
f 1444 1445 1461 1460
f 1445 1446 1462 1461
f 1446 1447 1463 1462
f 1447 1448 1464 1463
f 1448 1449 1465 1464
f 1449 1450 1466 1465
f 1450 1451 1467 1466
f 1451 1452 1468 1467
f 1452 1453 1469 1468
f 1453 1454 1470 1469
f 1454 1455 1471 1470
f 1455 1456 1472 1471
f 1456 1441 1457 1472
f 1457 1458 1474 1473
f 1458 1459 1475 1474
f 1459 1460 1476 1475
f 1460 1461 1477 1476
f 1461 1462 1478 1477
f 1462 1463 1479 1478
f 1463 1464 1480 1479
f 1464 1465 1481 1480
f 1465 1466 1482 1481
f 1466 1467 1483 1482
f 1467 1468 1484 1483
f 1468 1469 1485 1484
f 1469 1470 1486 1485
f 1470 1471 1487 1486
f 1471 1472 1488 1487
f 1472 1457 1473 1488
f 1473 1474 1490 1489
f 1474 1475 1491 1490
f 1475 1476 1492 1491
f 1476 1477 1493 1492
f 1477 1478 1494 1493
f 1478 1479 1495 1494
f 1479 1480 1496 1495
f 1480 1481 1497 1496
f 1481 1482 1498 1497
f 1482 1483 1499 1498
f 1483 1484 1500 1499
f 1484 1485 1501 1500
f 1485 1486 1502 1501
f 1486 1487 1503 1502
f 1487 1488 1504 1503
f 1488 1473 1489 1504
f 1489 1490 1506 1505
f 1490 1491 1507 1506
f 1491 1492 1508 1507
f 1492 1493 1509 1508
f 1493 1494 1510 1509
f 1494 1495 1511 1510
f 1495 1496 1512 1511
f 1496 1497 1513 1512
f 1497 1498 1514 1513
f 1498 1499 1515 1514
f 1499 1500 1516 1515
f 1500 1501 1517 1516
f 1501 1502 1518 1517
f 1502 1503 1519 1518
f 1503 1504 1520 1519
f 1504 1489 1505 1520
f 1505 1506 1522 1521
f 1506 1507 1523 1522
f 1507 1508 1524 1523
f 1508 1509 1525 1524
f 1509 1510 1526 1525
f 1510 1511 1527 1526
f 1511 1512 1528 1527
f 1512 1513 1529 1528
f 1513 1514 1530 1529
f 1514 1515 1531 1530
f 1515 1516 1532 1531
f 1516 1517 1533 1532
f 1517 1518 1534 1533
f 1518 1519 1535 1534
f 1519 1520 1536 1535
f 1520 1505 1521 1536
f 1521 1522 1538 1537
f 1522 1523 1539 1538
f 1523 1524 1540 1539
f 1524 1525 1541 1540
f 1525 1526 1542 1541
f 1526 1527 1543 1542
f 1527 1528 1544 1543
f 1528 1529 1545 1544
f 1529 1530 1546 1545
f 1530 1531 1547 1546
f 1531 1532 1548 1547
f 1532 1533 1549 1548
f 1533 1534 1550 1549
f 1534 1535 1551 1550
f 1535 1536 1552 1551
f 1536 1521 1537 1552
f 1537 1538 1554 1553
f 1538 1539 1555 1554
f 1539 1540 1556 1555
f 1540 1541 1557 1556
f 1541 1542 1558 1557
f 1542 1543 1559 1558
f 1543 1544 1560 1559
f 1544 1545 1561 1560
f 1545 1546 1562 1561
f 1546 1547 1563 1562
f 1547 1548 1564 1563
f 1548 1549 1565 1564
f 1549 1550 1566 1565
f 1550 1551 1567 1566
f 1551 1552 1568 1567
f 1552 1537 1553 1568
f 1553 1554 1570 1569
f 1554 1555 1571 1570
f 1555 1556 1572 1571
f 1556 1557 1573 1572
f 1557 1558 1574 1573
f 1558 1559 1575 1574
f 1559 1560 1576 1575
f 1560 1561 1577 1576
f 1561 1562 1578 1577
f 1562 1563 1579 1578
f 1563 1564 1580 1579
f 1564 1565 1581 1580
f 1565 1566 1582 1581
f 1566 1567 1583 1582
f 1567 1568 1584 1583
f 1568 1553 1569 1584
f 1569 1570 1586 1585
f 1570 1571 1587 1586
f 1571 1572 1588 1587
f 1572 1573 1589 1588
f 1573 1574 1590 1589
f 1574 1575 1591 1590
f 1575 1576 1592 1591
f 1576 1577 1593 1592
f 1577 1578 1594 1593
f 1578 1579 1595 1594
f 1579 1580 1596 1595
f 1580 1581 1597 1596
f 1581 1582 1598 1597
f 1582 1583 1599 1598
f 1583 1584 1600 1599
f 1584 1569 1585 1600
f 1585 1586 1602 1601
f 1586 1587 1603 1602
f 1587 1588 1604 1603
f 1588 1589 1605 1604
f 1589 1590 1606 1605
f 1590 1591 1607 1606
f 1591 1592 1608 1607
f 1592 1593 1609 1608
f 1593 1594 1610 1609
f 1594 1595 1611 1610
f 1595 1596 1612 1611
f 1596 1597 1613 1612
f 1597 1598 1614 1613
f 1598 1599 1615 1614
f 1599 1600 1616 1615
f 1600 1585 1601 1616
f 1601 1602 1618 1617
f 1602 1603 1619 1618
f 1603 1604 1620 1619
f 1604 1605 1621 1620
f 1605 1606 1622 1621
f 1606 1607 1623 1622
f 1607 1608 1624 1623
f 1608 1609 1625 1624
f 1609 1610 1626 1625
f 1610 1611 1627 1626
f 1611 1612 1628 1627
f 1612 1613 1629 1628
f 1613 1614 1630 1629
f 1614 1615 1631 1630
f 1615 1616 1632 1631
f 1616 1601 1617 1632
f 1617 1618 1634 1633
f 1618 1619 1635 1634
f 1619 1620 1636 1635
f 1620 1621 1637 1636
f 1621 1622 1638 1637
f 1622 1623 1639 1638
f 1623 1624 1640 1639
f 1624 1625 1641 1640
f 1625 1626 1642 1641
f 1626 1627 1643 1642
f 1627 1628 1644 1643
f 1628 1629 1645 1644
f 1629 1630 1646 1645
f 1630 1631 1647 1646
f 1631 1632 1648 1647
f 1632 1617 1633 1648
f 1633 1634 1650 1649
f 1634 1635 1651 1650
f 1635 1636 1652 1651
f 1636 1637 1653 1652
f 1637 1638 1654 1653
f 1638 1639 1655 1654
f 1639 1640 1656 1655
f 1640 1641 1657 1656
f 1641 1642 1658 1657
f 1642 1643 1659 1658
f 1643 1644 1660 1659
f 1644 1645 1661 1660
f 1645 1646 1662 1661
f 1646 1647 1663 1662
f 1647 1648 1664 1663
f 1648 1633 1649 1664
f 1649 1650 1666 1665
f 1650 1651 1667 1666
f 1651 1652 1668 1667
f 1652 1653 1669 1668
f 1653 1654 1670 1669
f 1654 1655 1671 1670
f 1655 1656 1672 1671
f 1656 1657 1673 1672
f 1657 1658 1674 1673
f 1658 1659 1675 1674
f 1659 1660 1676 1675
f 1660 1661 1677 1676
f 1661 1662 1678 1677
f 1662 1663 1679 1678
f 1663 1664 1680 1679
f 1664 1649 1665 1680
f 1665 1666 1682 1681
f 1666 1667 1683 1682
f 1667 1668 1684 1683
f 1668 1669 1685 1684
f 1669 1670 1686 1685
f 1670 1671 1687 1686
f 1671 1672 1688 1687
f 1672 1673 1689 1688
f 1673 1674 1690 1689
f 1674 1675 1691 1690
f 1675 1676 1692 1691
f 1676 1677 1693 1692
f 1677 1678 1694 1693
f 1678 1679 1695 1694
f 1679 1680 1696 1695
f 1680 1665 1681 1696
f 1681 1682 1698 1697
f 1682 1683 1699 1698
f 1683 1684 1700 1699
f 1684 1685 1701 1700
f 1685 1686 1702 1701
f 1686 1687 1703 1702
f 1687 1688 1704 1703
f 1688 1689 1705 1704
f 1689 1690 1706 1705
f 1690 1691 1707 1706
f 1691 1692 1708 1707
f 1692 1693 1709 1708
f 1693 1694 1710 1709
f 1694 1695 1711 1710
f 1695 1696 1712 1711
f 1696 1681 1697 1712
f 1697 1698 1714 1713
f 1698 1699 1715 1714
f 1699 1700 1716 1715
f 1700 1701 1717 1716
f 1701 1702 1718 1717
f 1702 1703 1719 1718
f 1703 1704 1720 1719
f 1704 1705 1721 1720
f 1705 1706 1722 1721
f 1706 1707 1723 1722
f 1707 1708 1724 1723
f 1708 1709 1725 1724
f 1709 1710 1726 1725
f 1710 1711 1727 1726
f 1711 1712 1728 1727
f 1712 1697 1713 1728
f 1713 1714 1730 1729
f 1714 1715 1731 1730
f 1715 1716 1732 1731
f 1716 1717 1733 1732
f 1717 1718 1734 1733
f 1718 1719 1735 1734
f 1719 1720 1736 1735
f 1720 1721 1737 1736
f 1721 1722 1738 1737
f 1722 1723 1739 1738
f 1723 1724 1740 1739
f 1724 1725 1741 1740
f 1725 1726 1742 1741
f 1726 1727 1743 1742
f 1727 1728 1744 1743
f 1728 1713 1729 1744
f 1729 1730 1746 1745
f 1730 1731 1747 1746
f 1731 1732 1748 1747
f 1732 1733 1749 1748
f 1733 1734 1750 1749
f 1734 1735 1751 1750
f 1735 1736 1752 1751
f 1736 1737 1753 1752
f 1737 1738 1754 1753
f 1738 1739 1755 1754
f 1739 1740 1756 1755
f 1740 1741 1757 1756
f 1741 1742 1758 1757
f 1742 1743 1759 1758
f 1743 1744 1760 1759
f 1744 1729 1745 1760
f 1745 1746 1762 1761
f 1746 1747 1763 1762
f 1747 1748 1764 1763
f 1748 1749 1765 1764
f 1749 1750 1766 1765
f 1750 1751 1767 1766
f 1751 1752 1768 1767
f 1752 1753 1769 1768
f 1753 1754 1770 1769
f 1754 1755 1771 1770
f 1755 1756 1772 1771
f 1756 1757 1773 1772
f 1757 1758 1774 1773
f 1758 1759 1775 1774
f 1759 1760 1776 1775
f 1760 1745 1761 1776
f 1761 1762 1778 1777
f 1762 1763 1779 1778
f 1763 1764 1780 1779
f 1764 1765 1781 1780
f 1765 1766 1782 1781
f 1766 1767 1783 1782
f 1767 1768 1784 1783
f 1768 1769 1785 1784
f 1769 1770 1786 1785
f 1770 1771 1787 1786
f 1771 1772 1788 1787
f 1772 1773 1789 1788
f 1773 1774 1790 1789
f 1774 1775 1791 1790
f 1775 1776 1792 1791
f 1776 1761 1777 1792
f 1777 1778 1794 1793
f 1778 1779 1795 1794
f 1779 1780 1796 1795
f 1780 1781 1797 1796
f 1781 1782 1798 1797
f 1782 1783 1799 1798
f 1783 1784 1800 1799
f 1784 1785 1801 1800
f 1785 1786 1802 1801
f 1786 1787 1803 1802
f 1787 1788 1804 1803
f 1788 1789 1805 1804
f 1789 1790 1806 1805
f 1790 1791 1807 1806
f 1791 1792 1808 1807
f 1792 1777 1793 1808
f 1793 1794 1810 1809
f 1794 1795 1811 1810
f 1795 1796 1812 1811
f 1796 1797 1813 1812
f 1797 1798 1814 1813
f 1798 1799 1815 1814
f 1799 1800 1816 1815
f 1800 1801 1817 1816
f 1801 1802 1818 1817
f 1802 1803 1819 1818
f 1803 1804 1820 1819
f 1804 1805 1821 1820
f 1805 1806 1822 1821
f 1806 1807 1823 1822
f 1807 1808 1824 1823
f 1808 1793 1809 1824
f 1809 1810 1826 1825
f 1810 1811 1827 1826
f 1811 1812 1828 1827
f 1812 1813 1829 1828
f 1813 1814 1830 1829
f 1814 1815 1831 1830
f 1815 1816 1832 1831
f 1816 1817 1833 1832
f 1817 1818 1834 1833
f 1818 1819 1835 1834
f 1819 1820 1836 1835
f 1820 1821 1837 1836
f 1821 1822 1838 1837
f 1822 1823 1839 1838
f 1823 1824 1840 1839
f 1824 1809 1825 1840
f 1825 1826 1842 1841
f 1826 1827 1843 1842
f 1827 1828 1844 1843
f 1828 1829 1845 1844
f 1829 1830 1846 1845
f 1830 1831 1847 1846
f 1831 1832 1848 1847
f 1832 1833 1849 1848
f 1833 1834 1850 1849
f 1834 1835 1851 1850
f 1835 1836 1852 1851
f 1836 1837 1853 1852
f 1837 1838 1854 1853
f 1838 1839 1855 1854
f 1839 1840 1856 1855
f 1840 1825 1841 1856
f 1841 1842 1858 1857
f 1842 1843 1859 1858
f 1843 1844 1860 1859
f 1844 1845 1861 1860
f 1845 1846 1862 1861
f 1846 1847 1863 1862
f 1847 1848 1864 1863
f 1848 1849 1865 1864
f 1849 1850 1866 1865
f 1850 1851 1867 1866
f 1851 1852 1868 1867
f 1852 1853 1869 1868
f 1853 1854 1870 1869
f 1854 1855 1871 1870
f 1855 1856 1872 1871
f 1856 1841 1857 1872
f 1857 1858 1874 1873
f 1858 1859 1875 1874
f 1859 1860 1876 1875
f 1860 1861 1877 1876
f 1861 1862 1878 1877
f 1862 1863 1879 1878
f 1863 1864 1880 1879
f 1864 1865 1881 1880
f 1865 1866 1882 1881
f 1866 1867 1883 1882
f 1867 1868 1884 1883
f 1868 1869 1885 1884
f 1869 1870 1886 1885
f 1870 1871 1887 1886
f 1871 1872 1888 1887
f 1872 1857 1873 1888
f 1873 1874 1890 1889
f 1874 1875 1891 1890
f 1875 1876 1892 1891
f 1876 1877 1893 1892
f 1877 1878 1894 1893
f 1878 1879 1895 1894
f 1879 1880 1896 1895
f 1880 1881 1897 1896
f 1881 1882 1898 1897
f 1882 1883 1899 1898
f 1883 1884 1900 1899
f 1884 1885 1901 1900
f 1885 1886 1902 1901
f 1886 1887 1903 1902
f 1887 1888 1904 1903
f 1888 1873 1889 1904
f 1889 1890 1906 1905
f 1890 1891 1907 1906
f 1891 1892 1908 1907
f 1892 1893 1909 1908
f 1893 1894 1910 1909
f 1894 1895 1911 1910
f 1895 1896 1912 1911
f 1896 1897 1913 1912
f 1897 1898 1914 1913
f 1898 1899 1915 1914
f 1899 1900 1916 1915
f 1900 1901 1917 1916
f 1901 1902 1918 1917
f 1902 1903 1919 1918
f 1903 1904 1920 1919
f 1904 1889 1905 1920
f 1905 1906 1922 1921
f 1906 1907 1923 1922
f 1907 1908 1924 1923
f 1908 1909 1925 1924
f 1909 1910 1926 1925
f 1910 1911 1927 1926
f 1911 1912 1928 1927
f 1912 1913 1929 1928
f 1913 1914 1930 1929
f 1914 1915 1931 1930
f 1915 1916 1932 1931
f 1916 1917 1933 1932
f 1917 1918 1934 1933
f 1918 1919 1935 1934
f 1919 1920 1936 1935
f 1920 1905 1921 1936
f 16 15 14 13 12 11 10 9 8 7 6 5 4 3 2 1
f 1921 1922 1923 1924 1925 1926 1927 1928 1929 1930 1931 1932 1933 1934 1935 1936
o Top_Housing
usemtl Red_Insulation
f 1937 1938 1962 1961
f 1938 1939 1963 1962
f 1939 1940 1964 1963
f 1940 1941 1965 1964
f 1941 1942 1966 1965
f 1942 1943 1967 1966
f 1943 1944 1968 1967
f 1944 1945 1969 1968
f 1945 1946 1970 1969
f 1946 1947 1971 1970
f 1947 1948 1972 1971
f 1948 1949 1973 1972
f 1949 1950 1974 1973
f 1950 1951 1975 1974
f 1951 1952 1976 1975
f 1952 1953 1977 1976
f 1953 1954 1978 1977
f 1954 1955 1979 1978
f 1955 1956 1980 1979
f 1956 1957 1981 1980
f 1957 1958 1982 1981
f 1958 1959 1983 1982
f 1959 1960 1984 1983
f 1960 1937 1961 1984
f 1960 1959 1958 1957 1956 1955 1954 1953 1952 1951 1950 1949 1948 1947 1946 1945 1944 1943 1942 1941 1940 1939 1938 1937
f 1961 1962 1963 1964 1965 1966 1967 1968 1969 1970 1971 1972 1973 1974 1975 1976 1977 1978 1979 1980 1981 1982 1983 1984
o Top_Grip_Flange
usemtl Red_Insulation
f 1985 1986 2010 2009
f 1986 1987 2011 2010
f 1987 1988 2012 2011
f 1988 1989 2013 2012
f 1989 1990 2014 2013
f 1990 1991 2015 2014
f 1991 1992 2016 2015
f 1992 1993 2017 2016
f 1993 1994 2018 2017
f 1994 1995 2019 2018
f 1995 1996 2020 2019
f 1996 1997 2021 2020
f 1997 1998 2022 2021
f 1998 1999 2023 2022
f 1999 2000 2024 2023
f 2000 2001 2025 2024
f 2001 2002 2026 2025
f 2002 2003 2027 2026
f 2003 2004 2028 2027
f 2004 2005 2029 2028
f 2005 2006 2030 2029
f 2006 2007 2031 2030
f 2007 2008 2032 2031
f 2008 1985 2009 2032
f 2008 2007 2006 2005 2004 2003 2002 2001 2000 1999 1998 1997 1996 1995 1994 1993 1992 1991 1990 1989 1988 1987 1986 1985
f 2009 2010 2011 2012 2013 2014 2015 2016 2017 2018 2019 2020 2021 2022 2023 2024 2025 2026 2027 2028 2029 2030 2031 2032
o Top_Front_Collar
usemtl Red_Insulation
f 2033 2034 2058 2057
f 2034 2035 2059 2058
f 2035 2036 2060 2059
f 2036 2037 2061 2060
f 2037 2038 2062 2061
f 2038 2039 2063 2062
f 2039 2040 2064 2063
f 2040 2041 2065 2064
f 2041 2042 2066 2065
f 2042 2043 2067 2066
f 2043 2044 2068 2067
f 2044 2045 2069 2068
f 2045 2046 2070 2069
f 2046 2047 2071 2070
f 2047 2048 2072 2071
f 2048 2049 2073 2072
f 2049 2050 2074 2073
f 2050 2051 2075 2074
f 2051 2052 2076 2075
f 2052 2053 2077 2076
f 2053 2054 2078 2077
f 2054 2055 2079 2078
f 2055 2056 2080 2079
f 2056 2033 2057 2080
f 2056 2055 2054 2053 2052 2051 2050 2049 2048 2047 2046 2045 2044 2043 2042 2041 2040 2039 2038 2037 2036 2035 2034 2033
f 2057 2058 2059 2060 2061 2062 2063 2064 2065 2066 2067 2068 2069 2070 2071 2072 2073 2074 2075 2076 2077 2078 2079 2080
o Top_Brass_Base
usemtl Polished_Brass
f 2081 2082 2106 2105
f 2082 2083 2107 2106
f 2083 2084 2108 2107
f 2084 2085 2109 2108
f 2085 2086 2110 2109
f 2086 2087 2111 2110
f 2087 2088 2112 2111
f 2088 2089 2113 2112
f 2089 2090 2114 2113
f 2090 2091 2115 2114
f 2091 2092 2116 2115
f 2092 2093 2117 2116
f 2093 2094 2118 2117
f 2094 2095 2119 2118
f 2095 2096 2120 2119
f 2096 2097 2121 2120
f 2097 2098 2122 2121
f 2098 2099 2123 2122
f 2099 2100 2124 2123
f 2100 2101 2125 2124
f 2101 2102 2126 2125
f 2102 2103 2127 2126
f 2103 2104 2128 2127
f 2104 2081 2105 2128
f 2104 2103 2102 2101 2100 2099 2098 2097 2096 2095 2094 2093 2092 2091 2090 2089 2088 2087 2086 2085 2084 2083 2082 2081
f 2105 2106 2107 2108 2109 2110 2111 2112 2113 2114 2115 2116 2117 2118 2119 2120 2121 2122 2123 2124 2125 2126 2127 2128
o Top_Brass_Shank
usemtl Polished_Brass
f 2129 2130 2154 2153
f 2130 2131 2155 2154
f 2131 2132 2156 2155
f 2132 2133 2157 2156
f 2133 2134 2158 2157
f 2134 2135 2159 2158
f 2135 2136 2160 2159
f 2136 2137 2161 2160
f 2137 2138 2162 2161
f 2138 2139 2163 2162
f 2139 2140 2164 2163
f 2140 2141 2165 2164
f 2141 2142 2166 2165
f 2142 2143 2167 2166
f 2143 2144 2168 2167
f 2144 2145 2169 2168
f 2145 2146 2170 2169
f 2146 2147 2171 2170
f 2147 2148 2172 2171
f 2148 2149 2173 2172
f 2149 2150 2174 2173
f 2150 2151 2175 2174
f 2151 2152 2176 2175
f 2152 2129 2153 2176
f 2152 2151 2150 2149 2148 2147 2146 2145 2144 2143 2142 2141 2140 2139 2138 2137 2136 2135 2134 2133 2132 2131 2130 2129
f 2153 2154 2155 2156 2157 2158 2159 2160 2161 2162 2163 2164 2165 2166 2167 2168 2169 2170 2171 2172 2173 2174 2175 2176
o Top_Contact_Core
usemtl Polished_Brass
f 2177 2178 2202 2201
f 2178 2179 2203 2202
f 2179 2180 2204 2203
f 2180 2181 2205 2204
f 2181 2182 2206 2205
f 2182 2183 2207 2206
f 2183 2184 2208 2207
f 2184 2185 2209 2208
f 2185 2186 2210 2209
f 2186 2187 2211 2210
f 2187 2188 2212 2211
f 2188 2189 2213 2212
f 2189 2190 2214 2213
f 2190 2191 2215 2214
f 2191 2192 2216 2215
f 2192 2193 2217 2216
f 2193 2194 2218 2217
f 2194 2195 2219 2218
f 2195 2196 2220 2219
f 2196 2197 2221 2220
f 2197 2198 2222 2221
f 2198 2199 2223 2222
f 2199 2200 2224 2223
f 2200 2177 2201 2224
f 2200 2199 2198 2197 2196 2195 2194 2193 2192 2191 2190 2189 2188 2187 2186 2185 2184 2183 2182 2181 2180 2179 2178 2177
f 2201 2202 2203 2204 2205 2206 2207 2208 2209 2210 2211 2212 2213 2214 2215 2216 2217 2218 2219 2220 2221 2222 2223 2224
o Top_Spring_1
usemtl Polished_Brass
f 2225 2226 2234 2233
f 2226 2227 2235 2234
f 2227 2228 2236 2235
f 2228 2229 2237 2236
f 2229 2230 2238 2237
f 2230 2231 2239 2238
f 2231 2232 2240 2239
f 2232 2225 2233 2240
f 2233 2234 2242 2241
f 2234 2235 2243 2242
f 2235 2236 2244 2243
f 2236 2237 2245 2244
f 2237 2238 2246 2245
f 2238 2239 2247 2246
f 2239 2240 2248 2247
f 2240 2233 2241 2248
f 2241 2242 2250 2249
f 2242 2243 2251 2250
f 2243 2244 2252 2251
f 2244 2245 2253 2252
f 2245 2246 2254 2253
f 2246 2247 2255 2254
f 2247 2248 2256 2255
f 2248 2241 2249 2256
f 2249 2250 2258 2257
f 2250 2251 2259 2258
f 2251 2252 2260 2259
f 2252 2253 2261 2260
f 2253 2254 2262 2261
f 2254 2255 2263 2262
f 2255 2256 2264 2263
f 2256 2249 2257 2264
f 2257 2258 2266 2265
f 2258 2259 2267 2266
f 2259 2260 2268 2267
f 2260 2261 2269 2268
f 2261 2262 2270 2269
f 2262 2263 2271 2270
f 2263 2264 2272 2271
f 2264 2257 2265 2272
f 2265 2266 2274 2273
f 2266 2267 2275 2274
f 2267 2268 2276 2275
f 2268 2269 2277 2276
f 2269 2270 2278 2277
f 2270 2271 2279 2278
f 2271 2272 2280 2279
f 2272 2265 2273 2280
f 2273 2274 2282 2281
f 2274 2275 2283 2282
f 2275 2276 2284 2283
f 2276 2277 2285 2284
f 2277 2278 2286 2285
f 2278 2279 2287 2286
f 2279 2280 2288 2287
f 2280 2273 2281 2288
f 2281 2282 2290 2289
f 2282 2283 2291 2290
f 2283 2284 2292 2291
f 2284 2285 2293 2292
f 2285 2286 2294 2293
f 2286 2287 2295 2294
f 2287 2288 2296 2295
f 2288 2281 2289 2296
f 2289 2290 2298 2297
f 2290 2291 2299 2298
f 2291 2292 2300 2299
f 2292 2293 2301 2300
f 2293 2294 2302 2301
f 2294 2295 2303 2302
f 2295 2296 2304 2303
f 2296 2289 2297 2304
f 2297 2298 2306 2305
f 2298 2299 2307 2306
f 2299 2300 2308 2307
f 2300 2301 2309 2308
f 2301 2302 2310 2309
f 2302 2303 2311 2310
f 2303 2304 2312 2311
f 2304 2297 2305 2312
f 2305 2306 2314 2313
f 2306 2307 2315 2314
f 2307 2308 2316 2315
f 2308 2309 2317 2316
f 2309 2310 2318 2317
f 2310 2311 2319 2318
f 2311 2312 2320 2319
f 2312 2305 2313 2320
f 2313 2314 2322 2321
f 2314 2315 2323 2322
f 2315 2316 2324 2323
f 2316 2317 2325 2324
f 2317 2318 2326 2325
f 2318 2319 2327 2326
f 2319 2320 2328 2327
f 2320 2313 2321 2328
f 2321 2322 2330 2329
f 2322 2323 2331 2330
f 2323 2324 2332 2331
f 2324 2325 2333 2332
f 2325 2326 2334 2333
f 2326 2327 2335 2334
f 2327 2328 2336 2335
f 2328 2321 2329 2336
f 2329 2330 2338 2337
f 2330 2331 2339 2338
f 2331 2332 2340 2339
f 2332 2333 2341 2340
f 2333 2334 2342 2341
f 2334 2335 2343 2342
f 2335 2336 2344 2343
f 2336 2329 2337 2344
f 2337 2338 2346 2345
f 2338 2339 2347 2346
f 2339 2340 2348 2347
f 2340 2341 2349 2348
f 2341 2342 2350 2349
f 2342 2343 2351 2350
f 2343 2344 2352 2351
f 2344 2337 2345 2352
f 2345 2346 2354 2353
f 2346 2347 2355 2354
f 2347 2348 2356 2355
f 2348 2349 2357 2356
f 2349 2350 2358 2357
f 2350 2351 2359 2358
f 2351 2352 2360 2359
f 2352 2345 2353 2360
f 2232 2231 2230 2229 2228 2227 2226 2225
f 2353 2354 2355 2356 2357 2358 2359 2360
o Top_Spring_2
usemtl Polished_Brass
f 2361 2362 2370 2369
f 2362 2363 2371 2370
f 2363 2364 2372 2371
f 2364 2365 2373 2372
f 2365 2366 2374 2373
f 2366 2367 2375 2374
f 2367 2368 2376 2375
f 2368 2361 2369 2376
f 2369 2370 2378 2377
f 2370 2371 2379 2378
f 2371 2372 2380 2379
f 2372 2373 2381 2380
f 2373 2374 2382 2381
f 2374 2375 2383 2382
f 2375 2376 2384 2383
f 2376 2369 2377 2384
f 2377 2378 2386 2385
f 2378 2379 2387 2386
f 2379 2380 2388 2387
f 2380 2381 2389 2388
f 2381 2382 2390 2389
f 2382 2383 2391 2390
f 2383 2384 2392 2391
f 2384 2377 2385 2392
f 2385 2386 2394 2393
f 2386 2387 2395 2394
f 2387 2388 2396 2395
f 2388 2389 2397 2396
f 2389 2390 2398 2397
f 2390 2391 2399 2398
f 2391 2392 2400 2399
f 2392 2385 2393 2400
f 2393 2394 2402 2401
f 2394 2395 2403 2402
f 2395 2396 2404 2403
f 2396 2397 2405 2404
f 2397 2398 2406 2405
f 2398 2399 2407 2406
f 2399 2400 2408 2407
f 2400 2393 2401 2408
f 2401 2402 2410 2409
f 2402 2403 2411 2410
f 2403 2404 2412 2411
f 2404 2405 2413 2412
f 2405 2406 2414 2413
f 2406 2407 2415 2414
f 2407 2408 2416 2415
f 2408 2401 2409 2416
f 2409 2410 2418 2417
f 2410 2411 2419 2418
f 2411 2412 2420 2419
f 2412 2413 2421 2420
f 2413 2414 2422 2421
f 2414 2415 2423 2422
f 2415 2416 2424 2423
f 2416 2409 2417 2424
f 2417 2418 2426 2425
f 2418 2419 2427 2426
f 2419 2420 2428 2427
f 2420 2421 2429 2428
f 2421 2422 2430 2429
f 2422 2423 2431 2430
f 2423 2424 2432 2431
f 2424 2417 2425 2432
f 2425 2426 2434 2433
f 2426 2427 2435 2434
f 2427 2428 2436 2435
f 2428 2429 2437 2436
f 2429 2430 2438 2437
f 2430 2431 2439 2438
f 2431 2432 2440 2439
f 2432 2425 2433 2440
f 2433 2434 2442 2441
f 2434 2435 2443 2442
f 2435 2436 2444 2443
f 2436 2437 2445 2444
f 2437 2438 2446 2445
f 2438 2439 2447 2446
f 2439 2440 2448 2447
f 2440 2433 2441 2448
f 2441 2442 2450 2449
f 2442 2443 2451 2450
f 2443 2444 2452 2451
f 2444 2445 2453 2452
f 2445 2446 2454 2453
f 2446 2447 2455 2454
f 2447 2448 2456 2455
f 2448 2441 2449 2456
f 2449 2450 2458 2457
f 2450 2451 2459 2458
f 2451 2452 2460 2459
f 2452 2453 2461 2460
f 2453 2454 2462 2461
f 2454 2455 2463 2462
f 2455 2456 2464 2463
f 2456 2449 2457 2464
f 2457 2458 2466 2465
f 2458 2459 2467 2466
f 2459 2460 2468 2467
f 2460 2461 2469 2468
f 2461 2462 2470 2469
f 2462 2463 2471 2470
f 2463 2464 2472 2471
f 2464 2457 2465 2472
f 2465 2466 2474 2473
f 2466 2467 2475 2474
f 2467 2468 2476 2475
f 2468 2469 2477 2476
f 2469 2470 2478 2477
f 2470 2471 2479 2478
f 2471 2472 2480 2479
f 2472 2465 2473 2480
f 2473 2474 2482 2481
f 2474 2475 2483 2482
f 2475 2476 2484 2483
f 2476 2477 2485 2484
f 2477 2478 2486 2485
f 2478 2479 2487 2486
f 2479 2480 2488 2487
f 2480 2473 2481 2488
f 2481 2482 2490 2489
f 2482 2483 2491 2490
f 2483 2484 2492 2491
f 2484 2485 2493 2492
f 2485 2486 2494 2493
f 2486 2487 2495 2494
f 2487 2488 2496 2495
f 2488 2481 2489 2496
f 2368 2367 2366 2365 2364 2363 2362 2361
f 2489 2490 2491 2492 2493 2494 2495 2496
o Top_Spring_3
usemtl Polished_Brass
f 2497 2498 2506 2505
f 2498 2499 2507 2506
f 2499 2500 2508 2507
f 2500 2501 2509 2508
f 2501 2502 2510 2509
f 2502 2503 2511 2510
f 2503 2504 2512 2511
f 2504 2497 2505 2512
f 2505 2506 2514 2513
f 2506 2507 2515 2514
f 2507 2508 2516 2515
f 2508 2509 2517 2516
f 2509 2510 2518 2517
f 2510 2511 2519 2518
f 2511 2512 2520 2519
f 2512 2505 2513 2520
f 2513 2514 2522 2521
f 2514 2515 2523 2522
f 2515 2516 2524 2523
f 2516 2517 2525 2524
f 2517 2518 2526 2525
f 2518 2519 2527 2526
f 2519 2520 2528 2527
f 2520 2513 2521 2528
f 2521 2522 2530 2529
f 2522 2523 2531 2530
f 2523 2524 2532 2531
f 2524 2525 2533 2532
f 2525 2526 2534 2533
f 2526 2527 2535 2534
f 2527 2528 2536 2535
f 2528 2521 2529 2536
f 2529 2530 2538 2537
f 2530 2531 2539 2538
f 2531 2532 2540 2539
f 2532 2533 2541 2540
f 2533 2534 2542 2541
f 2534 2535 2543 2542
f 2535 2536 2544 2543
f 2536 2529 2537 2544
f 2537 2538 2546 2545
f 2538 2539 2547 2546
f 2539 2540 2548 2547
f 2540 2541 2549 2548
f 2541 2542 2550 2549
f 2542 2543 2551 2550
f 2543 2544 2552 2551
f 2544 2537 2545 2552
f 2545 2546 2554 2553
f 2546 2547 2555 2554
f 2547 2548 2556 2555
f 2548 2549 2557 2556
f 2549 2550 2558 2557
f 2550 2551 2559 2558
f 2551 2552 2560 2559
f 2552 2545 2553 2560
f 2553 2554 2562 2561
f 2554 2555 2563 2562
f 2555 2556 2564 2563
f 2556 2557 2565 2564
f 2557 2558 2566 2565
f 2558 2559 2567 2566
f 2559 2560 2568 2567
f 2560 2553 2561 2568
f 2561 2562 2570 2569
f 2562 2563 2571 2570
f 2563 2564 2572 2571
f 2564 2565 2573 2572
f 2565 2566 2574 2573
f 2566 2567 2575 2574
f 2567 2568 2576 2575
f 2568 2561 2569 2576
f 2569 2570 2578 2577
f 2570 2571 2579 2578
f 2571 2572 2580 2579
f 2572 2573 2581 2580
f 2573 2574 2582 2581
f 2574 2575 2583 2582
f 2575 2576 2584 2583
f 2576 2569 2577 2584
f 2577 2578 2586 2585
f 2578 2579 2587 2586
f 2579 2580 2588 2587
f 2580 2581 2589 2588
f 2581 2582 2590 2589
f 2582 2583 2591 2590
f 2583 2584 2592 2591
f 2584 2577 2585 2592
f 2585 2586 2594 2593
f 2586 2587 2595 2594
f 2587 2588 2596 2595
f 2588 2589 2597 2596
f 2589 2590 2598 2597
f 2590 2591 2599 2598
f 2591 2592 2600 2599
f 2592 2585 2593 2600
f 2593 2594 2602 2601
f 2594 2595 2603 2602
f 2595 2596 2604 2603
f 2596 2597 2605 2604
f 2597 2598 2606 2605
f 2598 2599 2607 2606
f 2599 2600 2608 2607
f 2600 2593 2601 2608
f 2601 2602 2610 2609
f 2602 2603 2611 2610
f 2603 2604 2612 2611
f 2604 2605 2613 2612
f 2605 2606 2614 2613
f 2606 2607 2615 2614
f 2607 2608 2616 2615
f 2608 2601 2609 2616
f 2609 2610 2618 2617
f 2610 2611 2619 2618
f 2611 2612 2620 2619
f 2612 2613 2621 2620
f 2613 2614 2622 2621
f 2614 2615 2623 2622
f 2615 2616 2624 2623
f 2616 2609 2617 2624
f 2617 2618 2626 2625
f 2618 2619 2627 2626
f 2619 2620 2628 2627
f 2620 2621 2629 2628
f 2621 2622 2630 2629
f 2622 2623 2631 2630
f 2623 2624 2632 2631
f 2624 2617 2625 2632
f 2504 2503 2502 2501 2500 2499 2498 2497
f 2625 2626 2627 2628 2629 2630 2631 2632
o Top_Spring_4
usemtl Polished_Brass
f 2633 2634 2642 2641
f 2634 2635 2643 2642
f 2635 2636 2644 2643
f 2636 2637 2645 2644
f 2637 2638 2646 2645
f 2638 2639 2647 2646
f 2639 2640 2648 2647
f 2640 2633 2641 2648
f 2641 2642 2650 2649
f 2642 2643 2651 2650
f 2643 2644 2652 2651
f 2644 2645 2653 2652
f 2645 2646 2654 2653
f 2646 2647 2655 2654
f 2647 2648 2656 2655
f 2648 2641 2649 2656
f 2649 2650 2658 2657
f 2650 2651 2659 2658
f 2651 2652 2660 2659
f 2652 2653 2661 2660
f 2653 2654 2662 2661
f 2654 2655 2663 2662
f 2655 2656 2664 2663
f 2656 2649 2657 2664
f 2657 2658 2666 2665
f 2658 2659 2667 2666
f 2659 2660 2668 2667
f 2660 2661 2669 2668
f 2661 2662 2670 2669
f 2662 2663 2671 2670
f 2663 2664 2672 2671
f 2664 2657 2665 2672
f 2665 2666 2674 2673
f 2666 2667 2675 2674
f 2667 2668 2676 2675
f 2668 2669 2677 2676
f 2669 2670 2678 2677
f 2670 2671 2679 2678
f 2671 2672 2680 2679
f 2672 2665 2673 2680
f 2673 2674 2682 2681
f 2674 2675 2683 2682
f 2675 2676 2684 2683
f 2676 2677 2685 2684
f 2677 2678 2686 2685
f 2678 2679 2687 2686
f 2679 2680 2688 2687
f 2680 2673 2681 2688
f 2681 2682 2690 2689
f 2682 2683 2691 2690
f 2683 2684 2692 2691
f 2684 2685 2693 2692
f 2685 2686 2694 2693
f 2686 2687 2695 2694
f 2687 2688 2696 2695
f 2688 2681 2689 2696
f 2689 2690 2698 2697
f 2690 2691 2699 2698
f 2691 2692 2700 2699
f 2692 2693 2701 2700
f 2693 2694 2702 2701
f 2694 2695 2703 2702
f 2695 2696 2704 2703
f 2696 2689 2697 2704
f 2697 2698 2706 2705
f 2698 2699 2707 2706
f 2699 2700 2708 2707
f 2700 2701 2709 2708
f 2701 2702 2710 2709
f 2702 2703 2711 2710
f 2703 2704 2712 2711
f 2704 2697 2705 2712
f 2705 2706 2714 2713
f 2706 2707 2715 2714
f 2707 2708 2716 2715
f 2708 2709 2717 2716
f 2709 2710 2718 2717
f 2710 2711 2719 2718
f 2711 2712 2720 2719
f 2712 2705 2713 2720
f 2713 2714 2722 2721
f 2714 2715 2723 2722
f 2715 2716 2724 2723
f 2716 2717 2725 2724
f 2717 2718 2726 2725
f 2718 2719 2727 2726
f 2719 2720 2728 2727
f 2720 2713 2721 2728
f 2721 2722 2730 2729
f 2722 2723 2731 2730
f 2723 2724 2732 2731
f 2724 2725 2733 2732
f 2725 2726 2734 2733
f 2726 2727 2735 2734
f 2727 2728 2736 2735
f 2728 2721 2729 2736
f 2729 2730 2738 2737
f 2730 2731 2739 2738
f 2731 2732 2740 2739
f 2732 2733 2741 2740
f 2733 2734 2742 2741
f 2734 2735 2743 2742
f 2735 2736 2744 2743
f 2736 2729 2737 2744
f 2737 2738 2746 2745
f 2738 2739 2747 2746
f 2739 2740 2748 2747
f 2740 2741 2749 2748
f 2741 2742 2750 2749
f 2742 2743 2751 2750
f 2743 2744 2752 2751
f 2744 2737 2745 2752
f 2745 2746 2754 2753
f 2746 2747 2755 2754
f 2747 2748 2756 2755
f 2748 2749 2757 2756
f 2749 2750 2758 2757
f 2750 2751 2759 2758
f 2751 2752 2760 2759
f 2752 2745 2753 2760
f 2753 2754 2762 2761
f 2754 2755 2763 2762
f 2755 2756 2764 2763
f 2756 2757 2765 2764
f 2757 2758 2766 2765
f 2758 2759 2767 2766
f 2759 2760 2768 2767
f 2760 2753 2761 2768
f 2640 2639 2638 2637 2636 2635 2634 2633
f 2761 2762 2763 2764 2765 2766 2767 2768
o Top_Rear_Recess
usemtl Dark_Recess
f 2769 2770 2794 2793
f 2770 2771 2795 2794
f 2771 2772 2796 2795
f 2772 2773 2797 2796
f 2773 2774 2798 2797
f 2774 2775 2799 2798
f 2775 2776 2800 2799
f 2776 2777 2801 2800
f 2777 2778 2802 2801
f 2778 2779 2803 2802
f 2779 2780 2804 2803
f 2780 2781 2805 2804
f 2781 2782 2806 2805
f 2782 2783 2807 2806
f 2783 2784 2808 2807
f 2784 2785 2809 2808
f 2785 2786 2810 2809
f 2786 2787 2811 2810
f 2787 2788 2812 2811
f 2788 2789 2813 2812
f 2789 2790 2814 2813
f 2790 2791 2815 2814
f 2791 2792 2816 2815
f 2792 2769 2793 2816
f 2792 2791 2790 2789 2788 2787 2786 2785 2784 2783 2782 2781 2780 2779 2778 2777 2776 2775 2774 2773 2772 2771 2770 2769
f 2793 2794 2795 2796 2797 2798 2799 2800 2801 2802 2803 2804 2805 2806 2807 2808 2809 2810 2811 2812 2813 2814 2815 2816
o Bottom_Housing
usemtl Red_Insulation
f 2817 2818 2842 2841
f 2818 2819 2843 2842
f 2819 2820 2844 2843
f 2820 2821 2845 2844
f 2821 2822 2846 2845
f 2822 2823 2847 2846
f 2823 2824 2848 2847
f 2824 2825 2849 2848
f 2825 2826 2850 2849
f 2826 2827 2851 2850
f 2827 2828 2852 2851
f 2828 2829 2853 2852
f 2829 2830 2854 2853
f 2830 2831 2855 2854
f 2831 2832 2856 2855
f 2832 2833 2857 2856
f 2833 2834 2858 2857
f 2834 2835 2859 2858
f 2835 2836 2860 2859
f 2836 2837 2861 2860
f 2837 2838 2862 2861
f 2838 2839 2863 2862
f 2839 2840 2864 2863
f 2840 2817 2841 2864
f 2840 2839 2838 2837 2836 2835 2834 2833 2832 2831 2830 2829 2828 2827 2826 2825 2824 2823 2822 2821 2820 2819 2818 2817
f 2841 2842 2843 2844 2845 2846 2847 2848 2849 2850 2851 2852 2853 2854 2855 2856 2857 2858 2859 2860 2861 2862 2863 2864
o Bottom_Grip_Flange
usemtl Red_Insulation
f 2865 2866 2890 2889
f 2866 2867 2891 2890
f 2867 2868 2892 2891
f 2868 2869 2893 2892
f 2869 2870 2894 2893
f 2870 2871 2895 2894
f 2871 2872 2896 2895
f 2872 2873 2897 2896
f 2873 2874 2898 2897
f 2874 2875 2899 2898
f 2875 2876 2900 2899
f 2876 2877 2901 2900
f 2877 2878 2902 2901
f 2878 2879 2903 2902
f 2879 2880 2904 2903
f 2880 2881 2905 2904
f 2881 2882 2906 2905
f 2882 2883 2907 2906
f 2883 2884 2908 2907
f 2884 2885 2909 2908
f 2885 2886 2910 2909
f 2886 2887 2911 2910
f 2887 2888 2912 2911
f 2888 2865 2889 2912
f 2888 2887 2886 2885 2884 2883 2882 2881 2880 2879 2878 2877 2876 2875 2874 2873 2872 2871 2870 2869 2868 2867 2866 2865
f 2889 2890 2891 2892 2893 2894 2895 2896 2897 2898 2899 2900 2901 2902 2903 2904 2905 2906 2907 2908 2909 2910 2911 2912
o Bottom_Front_Collar
usemtl Red_Insulation
f 2913 2914 2938 2937
f 2914 2915 2939 2938
f 2915 2916 2940 2939
f 2916 2917 2941 2940
f 2917 2918 2942 2941
f 2918 2919 2943 2942
f 2919 2920 2944 2943
f 2920 2921 2945 2944
f 2921 2922 2946 2945
f 2922 2923 2947 2946
f 2923 2924 2948 2947
f 2924 2925 2949 2948
f 2925 2926 2950 2949
f 2926 2927 2951 2950
f 2927 2928 2952 2951
f 2928 2929 2953 2952
f 2929 2930 2954 2953
f 2930 2931 2955 2954
f 2931 2932 2956 2955
f 2932 2933 2957 2956
f 2933 2934 2958 2957
f 2934 2935 2959 2958
f 2935 2936 2960 2959
f 2936 2913 2937 2960
f 2936 2935 2934 2933 2932 2931 2930 2929 2928 2927 2926 2925 2924 2923 2922 2921 2920 2919 2918 2917 2916 2915 2914 2913
f 2937 2938 2939 2940 2941 2942 2943 2944 2945 2946 2947 2948 2949 2950 2951 2952 2953 2954 2955 2956 2957 2958 2959 2960
o Bottom_Brass_Base
usemtl Polished_Brass
f 2961 2962 2986 2985
f 2962 2963 2987 2986
f 2963 2964 2988 2987
f 2964 2965 2989 2988
f 2965 2966 2990 2989
f 2966 2967 2991 2990
f 2967 2968 2992 2991
f 2968 2969 2993 2992
f 2969 2970 2994 2993
f 2970 2971 2995 2994
f 2971 2972 2996 2995
f 2972 2973 2997 2996
f 2973 2974 2998 2997
f 2974 2975 2999 2998
f 2975 2976 3000 2999
f 2976 2977 3001 3000
f 2977 2978 3002 3001
f 2978 2979 3003 3002
f 2979 2980 3004 3003
f 2980 2981 3005 3004
f 2981 2982 3006 3005
f 2982 2983 3007 3006
f 2983 2984 3008 3007
f 2984 2961 2985 3008
f 2984 2983 2982 2981 2980 2979 2978 2977 2976 2975 2974 2973 2972 2971 2970 2969 2968 2967 2966 2965 2964 2963 2962 2961
f 2985 2986 2987 2988 2989 2990 2991 2992 2993 2994 2995 2996 2997 2998 2999 3000 3001 3002 3003 3004 3005 3006 3007 3008
o Bottom_Brass_Shank
usemtl Polished_Brass
f 3009 3010 3034 3033
f 3010 3011 3035 3034
f 3011 3012 3036 3035
f 3012 3013 3037 3036
f 3013 3014 3038 3037
f 3014 3015 3039 3038
f 3015 3016 3040 3039
f 3016 3017 3041 3040
f 3017 3018 3042 3041
f 3018 3019 3043 3042
f 3019 3020 3044 3043
f 3020 3021 3045 3044
f 3021 3022 3046 3045
f 3022 3023 3047 3046
f 3023 3024 3048 3047
f 3024 3025 3049 3048
f 3025 3026 3050 3049
f 3026 3027 3051 3050
f 3027 3028 3052 3051
f 3028 3029 3053 3052
f 3029 3030 3054 3053
f 3030 3031 3055 3054
f 3031 3032 3056 3055
f 3032 3009 3033 3056
f 3032 3031 3030 3029 3028 3027 3026 3025 3024 3023 3022 3021 3020 3019 3018 3017 3016 3015 3014 3013 3012 3011 3010 3009
f 3033 3034 3035 3036 3037 3038 3039 3040 3041 3042 3043 3044 3045 3046 3047 3048 3049 3050 3051 3052 3053 3054 3055 3056
o Bottom_Contact_Core
usemtl Polished_Brass
f 3057 3058 3082 3081
f 3058 3059 3083 3082
f 3059 3060 3084 3083
f 3060 3061 3085 3084
f 3061 3062 3086 3085
f 3062 3063 3087 3086
f 3063 3064 3088 3087
f 3064 3065 3089 3088
f 3065 3066 3090 3089
f 3066 3067 3091 3090
f 3067 3068 3092 3091
f 3068 3069 3093 3092
f 3069 3070 3094 3093
f 3070 3071 3095 3094
f 3071 3072 3096 3095
f 3072 3073 3097 3096
f 3073 3074 3098 3097
f 3074 3075 3099 3098
f 3075 3076 3100 3099
f 3076 3077 3101 3100
f 3077 3078 3102 3101
f 3078 3079 3103 3102
f 3079 3080 3104 3103
f 3080 3057 3081 3104
f 3080 3079 3078 3077 3076 3075 3074 3073 3072 3071 3070 3069 3068 3067 3066 3065 3064 3063 3062 3061 3060 3059 3058 3057
f 3081 3082 3083 3084 3085 3086 3087 3088 3089 3090 3091 3092 3093 3094 3095 3096 3097 3098 3099 3100 3101 3102 3103 3104
o Bottom_Spring_1
usemtl Polished_Brass
f 3105 3106 3114 3113
f 3106 3107 3115 3114
f 3107 3108 3116 3115
f 3108 3109 3117 3116
f 3109 3110 3118 3117
f 3110 3111 3119 3118
f 3111 3112 3120 3119
f 3112 3105 3113 3120
f 3113 3114 3122 3121
f 3114 3115 3123 3122
f 3115 3116 3124 3123
f 3116 3117 3125 3124
f 3117 3118 3126 3125
f 3118 3119 3127 3126
f 3119 3120 3128 3127
f 3120 3113 3121 3128
f 3121 3122 3130 3129
f 3122 3123 3131 3130
f 3123 3124 3132 3131
f 3124 3125 3133 3132
f 3125 3126 3134 3133
f 3126 3127 3135 3134
f 3127 3128 3136 3135
f 3128 3121 3129 3136
f 3129 3130 3138 3137
f 3130 3131 3139 3138
f 3131 3132 3140 3139
f 3132 3133 3141 3140
f 3133 3134 3142 3141
f 3134 3135 3143 3142
f 3135 3136 3144 3143
f 3136 3129 3137 3144
f 3137 3138 3146 3145
f 3138 3139 3147 3146
f 3139 3140 3148 3147
f 3140 3141 3149 3148
f 3141 3142 3150 3149
f 3142 3143 3151 3150
f 3143 3144 3152 3151
f 3144 3137 3145 3152
f 3145 3146 3154 3153
f 3146 3147 3155 3154
f 3147 3148 3156 3155
f 3148 3149 3157 3156
f 3149 3150 3158 3157
f 3150 3151 3159 3158
f 3151 3152 3160 3159
f 3152 3145 3153 3160
f 3153 3154 3162 3161
f 3154 3155 3163 3162
f 3155 3156 3164 3163
f 3156 3157 3165 3164
f 3157 3158 3166 3165
f 3158 3159 3167 3166
f 3159 3160 3168 3167
f 3160 3153 3161 3168
f 3161 3162 3170 3169
f 3162 3163 3171 3170
f 3163 3164 3172 3171
f 3164 3165 3173 3172
f 3165 3166 3174 3173
f 3166 3167 3175 3174
f 3167 3168 3176 3175
f 3168 3161 3169 3176
f 3169 3170 3178 3177
f 3170 3171 3179 3178
f 3171 3172 3180 3179
f 3172 3173 3181 3180
f 3173 3174 3182 3181
f 3174 3175 3183 3182
f 3175 3176 3184 3183
f 3176 3169 3177 3184
f 3177 3178 3186 3185
f 3178 3179 3187 3186
f 3179 3180 3188 3187
f 3180 3181 3189 3188
f 3181 3182 3190 3189
f 3182 3183 3191 3190
f 3183 3184 3192 3191
f 3184 3177 3185 3192
f 3185 3186 3194 3193
f 3186 3187 3195 3194
f 3187 3188 3196 3195
f 3188 3189 3197 3196
f 3189 3190 3198 3197
f 3190 3191 3199 3198
f 3191 3192 3200 3199
f 3192 3185 3193 3200
f 3193 3194 3202 3201
f 3194 3195 3203 3202
f 3195 3196 3204 3203
f 3196 3197 3205 3204
f 3197 3198 3206 3205
f 3198 3199 3207 3206
f 3199 3200 3208 3207
f 3200 3193 3201 3208
f 3201 3202 3210 3209
f 3202 3203 3211 3210
f 3203 3204 3212 3211
f 3204 3205 3213 3212
f 3205 3206 3214 3213
f 3206 3207 3215 3214
f 3207 3208 3216 3215
f 3208 3201 3209 3216
f 3209 3210 3218 3217
f 3210 3211 3219 3218
f 3211 3212 3220 3219
f 3212 3213 3221 3220
f 3213 3214 3222 3221
f 3214 3215 3223 3222
f 3215 3216 3224 3223
f 3216 3209 3217 3224
f 3217 3218 3226 3225
f 3218 3219 3227 3226
f 3219 3220 3228 3227
f 3220 3221 3229 3228
f 3221 3222 3230 3229
f 3222 3223 3231 3230
f 3223 3224 3232 3231
f 3224 3217 3225 3232
f 3225 3226 3234 3233
f 3226 3227 3235 3234
f 3227 3228 3236 3235
f 3228 3229 3237 3236
f 3229 3230 3238 3237
f 3230 3231 3239 3238
f 3231 3232 3240 3239
f 3232 3225 3233 3240
f 3112 3111 3110 3109 3108 3107 3106 3105
f 3233 3234 3235 3236 3237 3238 3239 3240
o Bottom_Spring_2
usemtl Polished_Brass
f 3241 3242 3250 3249
f 3242 3243 3251 3250
f 3243 3244 3252 3251
f 3244 3245 3253 3252
f 3245 3246 3254 3253
f 3246 3247 3255 3254
f 3247 3248 3256 3255
f 3248 3241 3249 3256
f 3249 3250 3258 3257
f 3250 3251 3259 3258
f 3251 3252 3260 3259
f 3252 3253 3261 3260
f 3253 3254 3262 3261
f 3254 3255 3263 3262
f 3255 3256 3264 3263
f 3256 3249 3257 3264
f 3257 3258 3266 3265
f 3258 3259 3267 3266
f 3259 3260 3268 3267
f 3260 3261 3269 3268
f 3261 3262 3270 3269
f 3262 3263 3271 3270
f 3263 3264 3272 3271
f 3264 3257 3265 3272
f 3265 3266 3274 3273
f 3266 3267 3275 3274
f 3267 3268 3276 3275
f 3268 3269 3277 3276
f 3269 3270 3278 3277
f 3270 3271 3279 3278
f 3271 3272 3280 3279
f 3272 3265 3273 3280
f 3273 3274 3282 3281
f 3274 3275 3283 3282
f 3275 3276 3284 3283
f 3276 3277 3285 3284
f 3277 3278 3286 3285
f 3278 3279 3287 3286
f 3279 3280 3288 3287
f 3280 3273 3281 3288
f 3281 3282 3290 3289
f 3282 3283 3291 3290
f 3283 3284 3292 3291
f 3284 3285 3293 3292
f 3285 3286 3294 3293
f 3286 3287 3295 3294
f 3287 3288 3296 3295
f 3288 3281 3289 3296
f 3289 3290 3298 3297
f 3290 3291 3299 3298
f 3291 3292 3300 3299
f 3292 3293 3301 3300
f 3293 3294 3302 3301
f 3294 3295 3303 3302
f 3295 3296 3304 3303
f 3296 3289 3297 3304
f 3297 3298 3306 3305
f 3298 3299 3307 3306
f 3299 3300 3308 3307
f 3300 3301 3309 3308
f 3301 3302 3310 3309
f 3302 3303 3311 3310
f 3303 3304 3312 3311
f 3304 3297 3305 3312
f 3305 3306 3314 3313
f 3306 3307 3315 3314
f 3307 3308 3316 3315
f 3308 3309 3317 3316
f 3309 3310 3318 3317
f 3310 3311 3319 3318
f 3311 3312 3320 3319
f 3312 3305 3313 3320
f 3313 3314 3322 3321
f 3314 3315 3323 3322
f 3315 3316 3324 3323
f 3316 3317 3325 3324
f 3317 3318 3326 3325
f 3318 3319 3327 3326
f 3319 3320 3328 3327
f 3320 3313 3321 3328
f 3321 3322 3330 3329
f 3322 3323 3331 3330
f 3323 3324 3332 3331
f 3324 3325 3333 3332
f 3325 3326 3334 3333
f 3326 3327 3335 3334
f 3327 3328 3336 3335
f 3328 3321 3329 3336
f 3329 3330 3338 3337
f 3330 3331 3339 3338
f 3331 3332 3340 3339
f 3332 3333 3341 3340
f 3333 3334 3342 3341
f 3334 3335 3343 3342
f 3335 3336 3344 3343
f 3336 3329 3337 3344
f 3337 3338 3346 3345
f 3338 3339 3347 3346
f 3339 3340 3348 3347
f 3340 3341 3349 3348
f 3341 3342 3350 3349
f 3342 3343 3351 3350
f 3343 3344 3352 3351
f 3344 3337 3345 3352
f 3345 3346 3354 3353
f 3346 3347 3355 3354
f 3347 3348 3356 3355
f 3348 3349 3357 3356
f 3349 3350 3358 3357
f 3350 3351 3359 3358
f 3351 3352 3360 3359
f 3352 3345 3353 3360
f 3353 3354 3362 3361
f 3354 3355 3363 3362
f 3355 3356 3364 3363
f 3356 3357 3365 3364
f 3357 3358 3366 3365
f 3358 3359 3367 3366
f 3359 3360 3368 3367
f 3360 3353 3361 3368
f 3361 3362 3370 3369
f 3362 3363 3371 3370
f 3363 3364 3372 3371
f 3364 3365 3373 3372
f 3365 3366 3374 3373
f 3366 3367 3375 3374
f 3367 3368 3376 3375
f 3368 3361 3369 3376
f 3248 3247 3246 3245 3244 3243 3242 3241
f 3369 3370 3371 3372 3373 3374 3375 3376
o Bottom_Spring_3
usemtl Polished_Brass
f 3377 3378 3386 3385
f 3378 3379 3387 3386
f 3379 3380 3388 3387
f 3380 3381 3389 3388
f 3381 3382 3390 3389
f 3382 3383 3391 3390
f 3383 3384 3392 3391
f 3384 3377 3385 3392
f 3385 3386 3394 3393
f 3386 3387 3395 3394
f 3387 3388 3396 3395
f 3388 3389 3397 3396
f 3389 3390 3398 3397
f 3390 3391 3399 3398
f 3391 3392 3400 3399
f 3392 3385 3393 3400
f 3393 3394 3402 3401
f 3394 3395 3403 3402
f 3395 3396 3404 3403
f 3396 3397 3405 3404
f 3397 3398 3406 3405
f 3398 3399 3407 3406
f 3399 3400 3408 3407
f 3400 3393 3401 3408
f 3401 3402 3410 3409
f 3402 3403 3411 3410
f 3403 3404 3412 3411
f 3404 3405 3413 3412
f 3405 3406 3414 3413
f 3406 3407 3415 3414
f 3407 3408 3416 3415
f 3408 3401 3409 3416
f 3409 3410 3418 3417
f 3410 3411 3419 3418
f 3411 3412 3420 3419
f 3412 3413 3421 3420
f 3413 3414 3422 3421
f 3414 3415 3423 3422
f 3415 3416 3424 3423
f 3416 3409 3417 3424
f 3417 3418 3426 3425
f 3418 3419 3427 3426
f 3419 3420 3428 3427
f 3420 3421 3429 3428
f 3421 3422 3430 3429
f 3422 3423 3431 3430
f 3423 3424 3432 3431
f 3424 3417 3425 3432
f 3425 3426 3434 3433
f 3426 3427 3435 3434
f 3427 3428 3436 3435
f 3428 3429 3437 3436
f 3429 3430 3438 3437
f 3430 3431 3439 3438
f 3431 3432 3440 3439
f 3432 3425 3433 3440
f 3433 3434 3442 3441
f 3434 3435 3443 3442
f 3435 3436 3444 3443
f 3436 3437 3445 3444
f 3437 3438 3446 3445
f 3438 3439 3447 3446
f 3439 3440 3448 3447
f 3440 3433 3441 3448
f 3441 3442 3450 3449
f 3442 3443 3451 3450
f 3443 3444 3452 3451
f 3444 3445 3453 3452
f 3445 3446 3454 3453
f 3446 3447 3455 3454
f 3447 3448 3456 3455
f 3448 3441 3449 3456
f 3449 3450 3458 3457
f 3450 3451 3459 3458
f 3451 3452 3460 3459
f 3452 3453 3461 3460
f 3453 3454 3462 3461
f 3454 3455 3463 3462
f 3455 3456 3464 3463
f 3456 3449 3457 3464
f 3457 3458 3466 3465
f 3458 3459 3467 3466
f 3459 3460 3468 3467
f 3460 3461 3469 3468
f 3461 3462 3470 3469
f 3462 3463 3471 3470
f 3463 3464 3472 3471
f 3464 3457 3465 3472
f 3465 3466 3474 3473
f 3466 3467 3475 3474
f 3467 3468 3476 3475
f 3468 3469 3477 3476
f 3469 3470 3478 3477
f 3470 3471 3479 3478
f 3471 3472 3480 3479
f 3472 3465 3473 3480
f 3473 3474 3482 3481
f 3474 3475 3483 3482
f 3475 3476 3484 3483
f 3476 3477 3485 3484
f 3477 3478 3486 3485
f 3478 3479 3487 3486
f 3479 3480 3488 3487
f 3480 3473 3481 3488
f 3481 3482 3490 3489
f 3482 3483 3491 3490
f 3483 3484 3492 3491
f 3484 3485 3493 3492
f 3485 3486 3494 3493
f 3486 3487 3495 3494
f 3487 3488 3496 3495
f 3488 3481 3489 3496
f 3489 3490 3498 3497
f 3490 3491 3499 3498
f 3491 3492 3500 3499
f 3492 3493 3501 3500
f 3493 3494 3502 3501
f 3494 3495 3503 3502
f 3495 3496 3504 3503
f 3496 3489 3497 3504
f 3497 3498 3506 3505
f 3498 3499 3507 3506
f 3499 3500 3508 3507
f 3500 3501 3509 3508
f 3501 3502 3510 3509
f 3502 3503 3511 3510
f 3503 3504 3512 3511
f 3504 3497 3505 3512
f 3384 3383 3382 3381 3380 3379 3378 3377
f 3505 3506 3507 3508 3509 3510 3511 3512
o Bottom_Spring_4
usemtl Polished_Brass
f 3513 3514 3522 3521
f 3514 3515 3523 3522
f 3515 3516 3524 3523
f 3516 3517 3525 3524
f 3517 3518 3526 3525
f 3518 3519 3527 3526
f 3519 3520 3528 3527
f 3520 3513 3521 3528
f 3521 3522 3530 3529
f 3522 3523 3531 3530
f 3523 3524 3532 3531
f 3524 3525 3533 3532
f 3525 3526 3534 3533
f 3526 3527 3535 3534
f 3527 3528 3536 3535
f 3528 3521 3529 3536
f 3529 3530 3538 3537
f 3530 3531 3539 3538
f 3531 3532 3540 3539
f 3532 3533 3541 3540
f 3533 3534 3542 3541
f 3534 3535 3543 3542
f 3535 3536 3544 3543
f 3536 3529 3537 3544
f 3537 3538 3546 3545
f 3538 3539 3547 3546
f 3539 3540 3548 3547
f 3540 3541 3549 3548
f 3541 3542 3550 3549
f 3542 3543 3551 3550
f 3543 3544 3552 3551
f 3544 3537 3545 3552
f 3545 3546 3554 3553
f 3546 3547 3555 3554
f 3547 3548 3556 3555
f 3548 3549 3557 3556
f 3549 3550 3558 3557
f 3550 3551 3559 3558
f 3551 3552 3560 3559
f 3552 3545 3553 3560
f 3553 3554 3562 3561
f 3554 3555 3563 3562
f 3555 3556 3564 3563
f 3556 3557 3565 3564
f 3557 3558 3566 3565
f 3558 3559 3567 3566
f 3559 3560 3568 3567
f 3560 3553 3561 3568
f 3561 3562 3570 3569
f 3562 3563 3571 3570
f 3563 3564 3572 3571
f 3564 3565 3573 3572
f 3565 3566 3574 3573
f 3566 3567 3575 3574
f 3567 3568 3576 3575
f 3568 3561 3569 3576
f 3569 3570 3578 3577
f 3570 3571 3579 3578
f 3571 3572 3580 3579
f 3572 3573 3581 3580
f 3573 3574 3582 3581
f 3574 3575 3583 3582
f 3575 3576 3584 3583
f 3576 3569 3577 3584
f 3577 3578 3586 3585
f 3578 3579 3587 3586
f 3579 3580 3588 3587
f 3580 3581 3589 3588
f 3581 3582 3590 3589
f 3582 3583 3591 3590
f 3583 3584 3592 3591
f 3584 3577 3585 3592
f 3585 3586 3594 3593
f 3586 3587 3595 3594
f 3587 3588 3596 3595
f 3588 3589 3597 3596
f 3589 3590 3598 3597
f 3590 3591 3599 3598
f 3591 3592 3600 3599
f 3592 3585 3593 3600
f 3593 3594 3602 3601
f 3594 3595 3603 3602
f 3595 3596 3604 3603
f 3596 3597 3605 3604
f 3597 3598 3606 3605
f 3598 3599 3607 3606
f 3599 3600 3608 3607
f 3600 3593 3601 3608
f 3601 3602 3610 3609
f 3602 3603 3611 3610
f 3603 3604 3612 3611
f 3604 3605 3613 3612
f 3605 3606 3614 3613
f 3606 3607 3615 3614
f 3607 3608 3616 3615
f 3608 3601 3609 3616
f 3609 3610 3618 3617
f 3610 3611 3619 3618
f 3611 3612 3620 3619
f 3612 3613 3621 3620
f 3613 3614 3622 3621
f 3614 3615 3623 3622
f 3615 3616 3624 3623
f 3616 3609 3617 3624
f 3617 3618 3626 3625
f 3618 3619 3627 3626
f 3619 3620 3628 3627
f 3620 3621 3629 3628
f 3621 3622 3630 3629
f 3622 3623 3631 3630
f 3623 3624 3632 3631
f 3624 3617 3625 3632
f 3625 3626 3634 3633
f 3626 3627 3635 3634
f 3627 3628 3636 3635
f 3628 3629 3637 3636
f 3629 3630 3638 3637
f 3630 3631 3639 3638
f 3631 3632 3640 3639
f 3632 3625 3633 3640
f 3633 3634 3642 3641
f 3634 3635 3643 3642
f 3635 3636 3644 3643
f 3636 3637 3645 3644
f 3637 3638 3646 3645
f 3638 3639 3647 3646
f 3639 3640 3648 3647
f 3640 3633 3641 3648
f 3520 3519 3518 3517 3516 3515 3514 3513
f 3641 3642 3643 3644 3645 3646 3647 3648
o Bottom_Rear_Recess
usemtl Dark_Recess
f 3649 3650 3674 3673
f 3650 3651 3675 3674
f 3651 3652 3676 3675
f 3652 3653 3677 3676
f 3653 3654 3678 3677
f 3654 3655 3679 3678
f 3655 3656 3680 3679
f 3656 3657 3681 3680
f 3657 3658 3682 3681
f 3658 3659 3683 3682
f 3659 3660 3684 3683
f 3660 3661 3685 3684
f 3661 3662 3686 3685
f 3662 3663 3687 3686
f 3663 3664 3688 3687
f 3664 3665 3689 3688
f 3665 3666 3690 3689
f 3666 3667 3691 3690
f 3667 3668 3692 3691
f 3668 3669 3693 3692
f 3669 3670 3694 3693
f 3670 3671 3695 3694
f 3671 3672 3696 3695
f 3672 3649 3673 3696
f 3672 3671 3670 3669 3668 3667 3666 3665 3664 3663 3662 3661 3660 3659 3658 3657 3656 3655 3654 3653 3652 3651 3650 3649
f 3673 3674 3675 3676 3677 3678 3679 3680 3681 3682 3683 3684 3685 3686 3687 3688 3689 3690 3691 3692 3693 3694 3695 3696
